mean_fit_time,std_fit_time,mean_score_time,std_score_time,param_model__n_estimators,param_model__min_samples_split,param_model__min_samples_leaf,param_model__max_features,param_model__max_depth,param_model__class_weight,param_model__bootstrap,params,split0_test_accuracy,split1_test_accuracy,split2_test_accuracy,split3_test_accuracy,split4_test_accuracy,mean_test_accuracy,std_test_accuracy,rank_test_accuracy,split0_test_balanced_accuracy,split1_test_balanced_accuracy,split2_test_balanced_accuracy,split3_test_balanced_accuracy,split4_test_balanced_accuracy,mean_test_balanced_accuracy,std_test_balanced_accuracy,rank_test_balanced_accuracy,split0_test_f1_macro,split1_test_f1_macro,split2_test_f1_macro,split3_test_f1_macro,split4_test_f1_macro,mean_test_f1_macro,std_test_f1_macro,rank_test_f1_macro,split0_test_f1_weighted,split1_test_f1_weighted,split2_test_f1_weighted,split3_test_f1_weighted,split4_test_f1_weighted,mean_test_f1_weighted,std_test_f1_weighted,rank_test_f1_weighted,split0_test_precision_macro,split1_test_precision_macro,split2_test_precision_macro,split3_test_precision_macro,split4_test_precision_macro,mean_test_precision_macro,std_test_precision_macro,rank_test_precision_macro,split0_test_recall_macro,split1_test_recall_macro,split2_test_recall_macro,split3_test_recall_macro,split4_test_recall_macro,mean_test_recall_macro,std_test_recall_macro,rank_test_recall_macro
8.15259609222412,8.047704512271384,0.25490307807922363,0.023911685046089468,500,10,30,0.4,6,,True,"{'model__n_estimators': 500, 'model__min_samples_split': 10, 'model__min_samples_leaf': 30, 'model__max_features': 0.4, 'model__max_depth': 6, 'model__class_weight': None, 'model__bootstrap': True}",0.7911716410702212,0.7892398338645803,0.7985896445131375,0.7885432766615147,0.7974304482225657,0.792994968866404,0.00420040472650949,44,0.7911670302512093,0.7892438250089042,0.7985896445131375,0.7885432766615146,0.7974304482225657,0.7929948449314662,0.004200092283318118,44,0.7906931637213026,0.7888807042242465,0.7981429059813712,0.788133982480921,0.7971410477965434,0.7925983608408769,0.0042132981503001455,44,0.7906941303422095,0.7888798631712246,0.7981429059813712,0.788133982480921,0.7971410477965435,0.7925983859544539,0.004213359192879606,44,0.793848564129152,0.791230082023354,0.8012565392224174,0.790790334363767,0.79913745708918,0.795252595365574,0.004223817775356813,44,0.7911670302512093,0.7892438250089042,0.7985896445131375,0.7885432766615146,0.7974304482225657,0.7929948449314662,0.004200092283318118,44
9.881187152862548,3.2037772397369384,0.43052282333374026,0.024208352327133455,900,20,5,0.4,10,,True,"{'model__n_estimators': 900, 'model__min_samples_split': 20, 'model__min_samples_leaf': 5, 'model__max_features': 0.4, 'model__max_depth': 10, 'model__class_weight': None, 'model__bootstrap': True}",0.8086544962812712,0.8045977011494253,0.8159775888717156,0.8047720247295209,0.8084428129829985,0.8084889248029862,0.004124720534213205,12,0.8086490739416614,0.8046023735049719,0.8159775888717156,0.8047720247295209,0.8084428129829984,0.8084887748061735,0.004123796566674137,12,0.8080478906604591,0.8041408745413752,0.815308669030967,0.8041205628874639,0.8079104003776512,0.8079056794995833,0.004082287702831209,13,0.808048932938158,0.804139960888159,0.8153086690309669,0.8041205628874639,0.807910400377651,0.8079057052244798,0.004082463527346911,13,0.8125937098065954,0.8074767762343904,0.820622544985395,0.8088811706278374,0.8119007806725391,0.8122949964653514,0.004570823845832177,6,0.8086490739416614,0.8046023735049719,0.8159775888717156,0.8047720247295209,0.8084428129829984,0.8084887748061735,0.004123796566674137,12
11.371189737319947,3.2657190515661236,0.4476635456085205,0.03900569312568895,900,50,5,0.3,10,,True,"{'model__n_estimators': 900, 'model__min_samples_split': 50, 'model__min_samples_leaf': 5, 'model__max_features': 0.3, 'model__max_depth': 10, 'model__class_weight': None, 'model__bootstrap': True}",0.8074954119578867,0.8049840625905534,0.8143353941267388,0.8054482225656878,0.8079598145285936,0.8080445811538921,0.003346369729752681,16,0.8074905493893303,0.8049883804211888,0.8143353941267388,0.8054482225656878,0.8079598145285936,0.8080444722063078,0.003345740731557515,16,0.807004780795443,0.8045949392062806,0.8137668022754723,0.8048974913337279,0.8074551123207578,0.8075438251863364,0.003308259181582191,16,0.8070057207018846,0.8045940969478729,0.8137668022754723,0.8048974913337279,0.8074551123207578,0.8075438447159431,0.0033083787509582425,16,0.8106433598914802,0.8074426066179661,0.8182216667966555,0.8089364597646161,0.8112229478331183,0.8112934081807672,0.0037097755565558216,12,0.8074905493893303,0.8049883804211888,0.8143353941267388,0.8054482225656878,0.8079598145285936,0.8080444722063078,0.003345740731557515,16
6.482966661453247,0.8327153170234807,0.36553430557250977,0.04347631747449668,900,20,5,0.3,6,,True,"{'model__n_estimators': 900, 'model__min_samples_split': 20, 'model__min_samples_leaf': 5, 'model__max_features': 0.3, 'model__max_depth': 6, 'model__class_weight': None, 'model__bootstrap': True}",0.7896261953057085,0.7899159663865546,0.7988794435857806,0.7884466769706336,0.7958848531684699,0.7925506270834294,0.004086737736755654,45,0.7896219390007939,0.7899197989323243,0.7988794435857804,0.7884466769706338,0.7958848531684699,0.7925505423316006,0.004086853534077641,45,0.789215482086783,0.7895859693946847,0.798481536218238,0.7880637975937695,0.7955402357783407,0.7921774042143632,0.004085608718255943,45,0.7892163808027982,0.7895851645239729,0.7984815362182379,0.7880637975937697,0.7955402357783405,0.792177422983424,0.004085580549529292,45,0.791891964573172,0.791754523363353,0.8012588406891117,0.7905462553900053,0.797893252140868,0.794668967231302,0.0041719282140769,45,0.7896219390007939,0.7899197989323243,0.7988794435857804,0.7884466769706338,0.7958848531684699,0.7925505423316006,0.004086853534077641,45
8.083646297454834,1.8031898601261147,0.35699777603149413,0.0271500211652514,700,20,15,0.4,10,,True,"{'model__n_estimators': 700, 'model__min_samples_split': 20, 'model__min_samples_leaf': 15, 'model__max_features': 0.4, 'model__max_depth': 10, 'model__class_weight': None, 'model__bootstrap': True}",0.8074954119578867,0.8037283879068869,0.8157843894899537,0.8065108191653787,0.8072836166924265,0.8081605250425066,0.004042277126887508,15,0.8074901015638365,0.8037330695840208,0.8157843894899537,0.8065108191653787,0.8072836166924267,0.8081603992991233,0.004041426387974642,15,0.8069101142695421,0.8032676873672868,0.8151488375605498,0.8058951819026836,0.8067519171007922,0.8075947476401708,0.003996381738439667,15,0.8069111411075917,0.8032667678053315,0.8151488375605497,0.8058951819026836,0.8067519171007922,0.8075947690953897,0.003996545730482227,15,0.8112574381922031,0.8066108424861507,0.8201878457726621,0.810449396654285,0.810703069924144,0.811841718605889,0.004485451337450276,8,0.8074901015638365,0.8037330695840208,0.8157843894899537,0.8065108191653787,0.8072836166924267,0.8081603992991233,0.004041426387974642,15
3.7646095752716064,0.0414275604664516,0.3644514560699463,0.017520124968370267,700,20,5,0.2,14,,True,"{'model__n_estimators': 700, 'model__min_samples_split': 20, 'model__min_samples_leaf': 5, 'model__max_features': 0.2, 'model__max_depth': 14, 'model__class_weight': None, 'model__bootstrap': True}",0.8108760745677581,0.8068192794359123,0.8161707882534776,0.8072836166924265,0.8110510046367851,0.8104401527172719,0.0033608866262323737,1,0.8108714639325826,0.8068232894036427,0.8161707882534776,0.8072836166924267,0.8110510046367851,0.8104400325837829,0.0033599039544103455,1,0.8104427449427893,0.8064870085549452,0.8157217665699124,0.8068596732594069,0.8106706353765727,0.8100363657407252,0.0033340826674953085,1,0.8104436203561731,0.8064862340307472,0.8157217665699122,0.8068596732594069,0.8106706353765728,0.8100363859185624,0.00333426895010894,1,0.813734467898044,0.8089501633154943,0.8192827099884263,0.8100054673656188,0.8135709039241894,0.8131087424983546,0.0036234540813258297,1,0.8108714639325826,0.8068232894036427,0.8161707882534776,0.8072836166924267,0.8110510046367851,0.8104400325837829,0.0033599039544103455,1
2.633010911941528,0.15062468249102667,0.319795036315918,0.018654515868944996,700,100,5,sqrt,16,,True,"{'model__n_estimators': 700, 'model__min_samples_split': 100, 'model__min_samples_leaf': 5, 'model__max_features': 'sqrt', 'model__max_depth': 16, 'model__class_weight': None, 'model__bootstrap': True}",0.8076885926784507,0.8014102192601178,0.8105680061823802,0.8017774343122102,0.8085394126738794,0.8059967330214077,0.003716523572006207,24,0.807685502754276,0.8014123259190349,0.8105680061823802,0.8017774343122102,0.8085394126738794,0.8059965363683561,0.0037157225736681064,24,0.807490624391632,0.8013163778171453,0.8103788006339614,0.8016195947202914,0.8084012363075799,0.8058413267741219,0.003692158530640953,23,0.8074912206816525,0.8013159607440654,0.8103788006339614,0.8016195947202915,0.8084012363075799,0.80584136261751,0.0036923140437461815,23,0.8089525283797729,0.8019853916773869,0.8118125222909404,0.8027409267350745,0.8094320320830232,0.8069846802332397,0.0039031358202457293,24,0.807685502754276,0.8014123259190349,0.8105680061823802,0.8017774343122102,0.8085394126738794,0.8059965363683561,0.0037157225736681064,24
1.993642473220825,0.04136431064490249,0.27205233573913573,0.025309152504149165,500,50,20,sqrt,16,,True,"{'model__n_estimators': 500, 'model__min_samples_split': 50, 'model__min_samples_leaf': 20, 'model__max_features': 'sqrt', 'model__max_depth': 16, 'model__class_weight': None, 'model__bootstrap': True}",0.8054670143919637,0.8010238578189897,0.8100850077279753,0.8003284389489954,0.8084428129829985,0.8050694263741844,0.0038868356399900266,26,0.8054637471828044,0.8010260391118844,0.8100850077279753,0.8003284389489953,0.8084428129829985,0.8050692091909315,0.0038863150801760806,26,0.8052431554047935,0.8009230253396051,0.809907878693322,0.8001480621751298,0.8082785622154867,0.8049001367656675,0.003873203524993563,26,0.8052437931796859,0.800922592582183,0.809907878693322,0.8001480621751299,0.8082785622154867,0.8049001777691615,0.0038733037087754644,26,0.8068706304153869,0.8016397841118885,0.811245088254071,0.8014166156725483,0.809503438815151,0.8061351114538091,0.004011749010195298,26,0.8054637471828044,0.8010260391118844,0.8100850077279753,0.8003284389489953,0.8084428129829985,0.8050692091909315,0.0038863150801760806,26
3.0466209411621095,0.07077630272064096,0.40296082496643065,0.015604663354312856,900,100,30,sqrt,14,,True,"{'model__n_estimators': 900, 'model__min_samples_split': 100, 'model__min_samples_leaf': 30, 'model__max_features': 'sqrt', 'model__max_depth': 14, 'model__class_weight': None, 'model__bootstrap': True}",0.8036317975466049,0.7981261470105283,0.8072836166924265,0.7989760432766615,0.8072836166924265,0.8030602442437296,0.003924956965494962,30,0.8036287635627684,0.7981279737478724,0.8072836166924267,0.7989760432766615,0.8072836166924267,0.8030600027944311,0.003924409596083517,30,0.8034369007220163,0.7980545044721163,0.8071455335337776,0.7988256955544589,0.8071333009707296,0.8029191870506196,0.003906676269967872,30,0.8034374985650364,0.7980541370744835,0.8071455335337774,0.7988256955544588,0.8071333009707294,0.802919233139697,0.003906783624470711,30,0.8048340548340549,0.7985538082688901,0.808166200604494,0.7998724827071448,0.8082445706638839,0.8039342234156936,0.004068046844455282,40,0.8036287635627684,0.7981279737478724,0.8072836166924267,0.7989760432766615,0.8072836166924267,0.8030600027944311,0.003924409596083517,30
3.216469240188599,0.07498769222650518,0.3660611152648926,0.026449990998645867,700,20,5,0.2,8,,True,"{'model__n_estimators': 700, 'model__min_samples_split': 20, 'model__min_samples_leaf': 5, 'model__max_features': 0.2, 'model__max_depth': 8, 'model__class_weight': None, 'model__bootstrap': True}",0.801796580701246,0.7968704723268618,0.8108578052550232,0.7999420401854714,0.802646831530139,0.8024227459997484,0.0046599177293508605,35,0.8017920073001527,0.796873950408999,0.8108578052550232,0.7999420401854713,0.8026468315301392,0.8024225269359571,0.004659212463003977,35,0.8013497740601937,0.7966078766439451,0.8104536738154673,0.7994798483438936,0.8022054812119656,0.8020193308150929,0.004633657465420015,35,0.8013506840533525,0.7966071707415717,0.8104536738154672,0.7994798483438935,0.8022054812119656,0.8020193716332502,0.004633796072008768,35,0.8045262043409211,0.7984192266941602,0.8135317273695555,0.8027331973400962,0.8053724118333728,0.8049165535156211,0.004930795064320657,34,0.8017920073001527,0.796873950408999,0.8108578052550232,0.7999420401854713,0.8026468315301392,0.8024225269359571,0.004659212463003977,35
4.222425079345703,0.15964729716134834,0.3635446548461914,0.04387670367304859,700,10,30,0.3,10,,True,"{'model__n_estimators': 700, 'model__min_samples_split': 10, 'model__min_samples_leaf': 30, 'model__max_features': 0.3, 'model__max_depth': 10, 'model__class_weight': None, 'model__bootstrap': True}",0.8070124601564764,0.8025693035835023,0.8136591962905718,0.8046754250386399,0.8068006182380216,0.8069434006614424,0.0037256812971427546,20,0.8070074949567385,0.8025736307213065,0.8136591962905719,0.8046754250386399,0.8068006182380216,0.8069432730490558,0.003724647862691988,20,0.8064995942021611,0.8021736512884332,0.8131488773175171,0.8041503712393268,0.8063005245116843,0.8064546037118244,0.0037006784402501517,20,0.8065005564272161,0.802172796747839,0.8131488773175171,0.8041503712393268,0.8063005245116842,0.8064546252487167,0.003700878526016981,20,0.8102909839534386,0.8050190509726379,0.8171236488989198,0.807978061914421,0.8100020743523306,0.8100827640183497,0.003992364888649435,19,0.8070074949567385,0.8025736307213065,0.8136591962905719,0.8046754250386399,0.8068006182380216,0.8069432730490558,0.003724647862691988,20
3.5947007656097414,0.07767780916294012,0.3344851493835449,0.041215408970759745,700,50,30,0.3,6,,True,"{'model__n_estimators': 700, 'model__min_samples_split': 50, 'model__min_samples_leaf': 30, 'model__max_features': 0.3, 'model__max_depth': 6, 'model__class_weight': None, 'model__bootstrap': True}",0.7887568820631701,0.7896261953057085,0.7989760432766615,0.7883500772797527,0.7957882534775889,0.7922994902805763,0.004290507443417976,46,0.7887526537392384,0.7896299438814947,0.7989760432766615,0.7883500772797527,0.7957882534775889,0.7922993943309473,0.004290739306628304,46,0.7883498788864038,0.7893101131292208,0.798562579649789,0.7879791354010135,0.7954547553313336,0.7919312924795522,0.004282648948659374,46,0.7883507753691721,0.7893093248943667,0.7985625796497889,0.7879791354010134,0.7954547553313335,0.7919313141291349,0.004282595530017243,46,0.7909859878475349,0.7913828634932674,0.8014510360255338,0.7903822344792621,0.7977299734012137,0.7943864190493624,0.004420541621388328,46,0.7887526537392384,0.7896299438814947,0.7989760432766615,0.7883500772797527,0.7957882534775889,0.7922993943309473,0.004290739306628304,46
4.500899600982666,0.2096130093170457,0.3975363254547119,0.03096524520313005,900,100,10,0.2,16,,True,"{'model__n_estimators': 900, 'model__min_samples_split': 100, 'model__min_samples_leaf': 10, 'model__max_features': 0.2, 'model__max_depth': 16, 'model__class_weight': None, 'model__bootstrap': True}",0.8089442673621172,0.8064329179947841,0.8146251931993818,0.8063176197836167,0.8110510046367851,0.8094742005953371,0.0031149082587154375,8,0.8089408322508396,0.8064362189018781,0.8146251931993818,0.8063176197836167,0.8110510046367851,0.8094741737545004,0.003114381247377168,8,0.8087012527262423,0.8062076218942649,0.8143296682919547,0.8060323460409502,0.8108541066282825,0.8092249991163388,0.0031075246714764144,7,0.8087019113024912,0.8062069836616856,0.8143296682919546,0.8060323460409501,0.8108541066282825,0.8092250031850728,0.0031076264409732775,7,0.8105143929039218,0.8078719584690447,0.8166411392583142,0.808130323890329,0.8123516178387686,0.8111018864720755,0.003220339040951119,17,0.8089408322508396,0.8064362189018781,0.8146251931993818,0.8063176197836167,0.8110510046367851,0.8094741737545004,0.003114381247377168,8
5.516446924209594,2.523247432605193,0.3274721145629883,0.030000623775255388,700,20,20,sqrt,12,,True,"{'model__n_estimators': 700, 'model__min_samples_split': 20, 'model__min_samples_leaf': 20, 'model__max_features': 'sqrt', 'model__max_depth': 12, 'model__class_weight': None, 'model__bootstrap': True}",0.8045977011494253,0.7989954602530668,0.8096020092735703,0.7997488408037094,0.8063176197836167,0.8038523262526777,0.0040029951521130406,28,0.8045944432618534,0.7989977068349217,0.8096020092735703,0.7997488408037094,0.8063176197836166,0.8038521239915342,0.004002328997129993,28,0.804374122687981,0.7988873842263252,0.8094322170038873,0.7995702617194613,0.8061602075645107,0.8036848386404332,0.003989492046745596,28,0.8043747614835851,0.7988869339095472,0.8094322170038872,0.7995702617194616,0.8061602075645106,0.8036848763361982,0.0039896224365379715,28,0.8059892924953669,0.7996444951349211,0.8107093537692408,0.8008209437584881,0.8073158724714556,0.8048959915258946,0.00412384626347671,35,0.8045944432618534,0.7989977068349217,0.8096020092735703,0.7997488408037094,0.8063176197836166,0.8038521239915342,0.004002328997129993,28
3.573469114303589,0.13034888947666168,0.2696397304534912,0.015370738775538413,500,100,10,0.4,6,,True,"{'model__n_estimators': 500, 'model__min_samples_split': 100, 'model__min_samples_leaf': 10, 'model__max_features': 0.4, 'model__max_depth': 6, 'model__class_weight': None, 'model__bootstrap': True}",0.790688689268811,0.7890466531440162,0.7994590417310664,0.7887364760432767,0.7978168469860897,0.7931495414346521,0.004559784357994349,43,0.7906840504561998,0.78905055098956,0.7994590417310665,0.7887364760432767,0.7978168469860897,0.7931493932412386,0.004559584401531977,43,0.7902032610816473,0.7887038606973207,0.7989976008504769,0.7883166784294879,0.797513012309559,0.7927468826736984,0.004565746742467861,43,0.7902042358370432,0.788703038653084,0.7989976008504769,0.7883166784294879,0.797513012309559,0.7927469132159303,0.004565783754649464,43,0.7933940209229502,0.790943103645029,0.8022343977915205,0.7910452093622447,0.7996151546131409,0.7954463772669771,0.004632879148135847,43,0.7906840504561998,0.78905055098956,0.7994590417310665,0.7887364760432767,0.7978168469860897,0.7931493932412386,0.004559584401531977,43
3.7414474964141844,0.11441013176790353,0.280946159362793,0.01396821832828162,500,100,20,0.3,16,,True,"{'model__n_estimators': 500, 'model__min_samples_split': 100, 'model__min_samples_leaf': 20, 'model__max_features': 0.3, 'model__max_depth': 16, 'model__class_weight': None, 'model__bootstrap': True}",0.8091374480826814,0.8065295083550662,0.8154945904173106,0.8066074188562596,0.8101816074188563,0.8095901146260349,0.0032766260053329476,7,0.8091339010168326,0.8065326319988033,0.8154945904173106,0.8066074188562596,0.8101816074188563,0.8095900299416124,0.0032761411137477983,7,0.8088786108089796,0.8063279376184407,0.8151816109464257,0.8063437190647778,0.809972987845301,0.8093409732567849,0.0032492518075497717,5,0.8088792901719026,0.8063273341132413,0.8151816109464257,0.8063437190647778,0.8099729878453011,0.8093409884283297,0.0032493444234327714,5,0.8108132294277384,0.8078179565168413,0.8176462541573498,0.8082865816887879,0.8115497365589227,0.811222751669928,0.0035142491654128437,16,0.8091339010168326,0.8065326319988033,0.8154945904173106,0.8066074188562596,0.8101816074188563,0.8095900299416124,0.0032761411137477983,7
3.471430015563965,0.5631830741198033,0.4100211143493652,0.035275877572934315,900,100,15,sqrt,10,,True,"{'model__n_estimators': 900, 'model__min_samples_split': 100, 'model__min_samples_leaf': 15, 'model__max_features': 'sqrt', 'model__max_depth': 10, 'model__class_weight': None, 'model__bootstrap': True}",0.801893171061528,0.7983193277310925,0.8082496136012365,0.7964644513137558,0.80370942812983,0.8017271983674885,0.0041426747657350525,41,0.8018899877863059,0.7983216955927105,0.8082496136012365,0.7964644513137558,0.80370942812983,0.8017270352847676,0.004142260041924764,41,0.801676753047104,0.7981988151672041,0.8080741554258132,0.7962685580070469,0.8035377664320407,0.8015512096158417,0.004138984120194292,38,0.8016773858483157,0.7981983388329594,0.8080741554258132,0.7962685580070469,0.8035377664320407,0.8015512409092352,0.004139065135200558,38,0.8032096142623202,0.7990388446159251,0.8093809550943436,0.7976090881516311,0.8047746329784167,0.8028026270205274,0.004206370177043896,41,0.8018899877863059,0.7983216955927105,0.8082496136012365,0.7964644513137558,0.80370942812983,0.8017270352847676,0.004142260041924764,41
3.797277307510376,0.45736927652226533,0.2724164485931396,0.013409211350092319,500,10,20,0.2,12,,True,"{'model__n_estimators': 500, 'model__min_samples_split': 10, 'model__min_samples_leaf': 20, 'model__max_features': 0.2, 'model__max_depth': 12, 'model__class_weight': None, 'model__bootstrap': True}",0.808364725200425,0.8037283879068869,0.8138523956723338,0.8066074188562596,0.8085394126738794,0.808218468061957,0.003305203057470843,14,0.8083604504109396,0.8037320806360555,0.8138523956723338,0.8066074188562596,0.8085394126738794,0.8082183516498936,0.0033041627187842034,14,0.8079873069632444,0.8034422654792854,0.8134596499350808,0.8062281273076479,0.8081769382907502,0.8078588575952018,0.003275732485799123,14,0.807988129225199,0.8034415411187091,0.8134596499350809,0.8062281273076478,0.8081769382907501,0.8078588771754773,0.003275934292380532,14,0.8107987382799849,0.8055154984291883,0.8165180087400313,0.8090269924486513,0.8108892739847142,0.810549702376514,0.0035625795012826198,18,0.8083604504109396,0.8037320806360555,0.8138523956723338,0.8066074188562596,0.8085394126738794,0.8082183516498936,0.0033041627187842034,14
4.414325857162476,0.8017371579874827,0.2899320602416992,0.023882118222133757,500,50,5,0.3,8,,True,"{'model__n_estimators': 500, 'model__min_samples_split': 50, 'model__min_samples_leaf': 5, 'model__max_features': 0.3, 'model__max_depth': 8, 'model__class_weight': None, 'model__bootstrap': True}",0.8012170385395537,0.7992852313339128,0.8092156105100463,0.8004250386398764,0.803033230293663,0.8026352298634105,0.0035093736142048746,32,0.8012119240105818,0.799289278550144,0.8092156105100463,0.8004250386398764,0.803033230293663,0.8026350164008622,0.0035090154902850668,32,0.8006564885290495,0.7989335226966856,0.808657672252058,0.7998965577379229,0.8025096881015371,0.8021307858634505,0.003467899437425736,32,0.80065750956732,0.7989327104365535,0.808657672252058,0.7998965577379229,0.8025096881015372,0.8021308276190784,0.0034679624457269,32,0.8046321611757556,0.8014030245529297,0.8128647606293333,0.8036326608709718,0.8062810053855061,0.8057627225228992,0.0038866402041078467,30,0.8012119240105818,0.799289278550144,0.8092156105100463,0.8004250386398764,0.803033230293663,0.8026350164008622,0.0035090154902850668,32
4.9709569931030275,0.19029047210953381,0.448563814163208,0.008507642879435047,900,10,30,0.3,8,,True,"{'model__n_estimators': 900, 'model__min_samples_split': 10, 'model__min_samples_leaf': 30, 'model__max_features': 0.3, 'model__max_depth': 8, 'model__class_weight': None, 'model__bootstrap': True}",0.8014102192601178,0.7982227373708104,0.8073802163833076,0.8001352395672334,0.8020672333848532,0.8018431291932645,0.0030633671726334444,40,0.8014050674141571,0.7982265513346842,0.8073802163833076,0.8001352395672334,0.8020672333848531,0.8018428616168471,0.003062612524791001,40,0.8008420004715622,0.7979088779757861,0.8068585516127988,0.7995919339429911,0.8015568386127725,0.8013516405231822,0.0030191750592918737,41,0.8008430279919755,0.7979081087125631,0.8068585516127988,0.7995919339429912,0.8015568386127725,0.8013516921746202,0.0030193158588524118,41,0.8048781739960778,0.8000953837279867,0.8107373566177232,0.8034255826928254,0.8052071986525844,0.8048687391374395,0.003447403004536142,36,0.8014050674141571,0.7982265513346842,0.8073802163833076,0.8001352395672334,0.8020672333848531,0.8018428616168471,0.003062612524791001,40
2.494408369064331,0.060535381289541466,0.33963260650634763,0.042976275770519816,700,20,30,sqrt,14,,True,"{'model__n_estimators': 700, 'model__min_samples_split': 20, 'model__min_samples_leaf': 30, 'model__max_features': 'sqrt', 'model__max_depth': 14, 'model__class_weight': None, 'model__bootstrap': True}",0.8043079300685791,0.7988022795325026,0.8085394126738794,0.7993624420401855,0.8072836166924265,0.8036591362015146,0.003985612328789279,29,0.804304793464375,0.7988042089028305,0.8085394126738794,0.7993624420401855,0.8072836166924265,0.8036588947547394,0.0039850402777595086,29,0.8041003617784978,0.7987225907766496,0.808389040383376,0.7992123833092797,0.8071374362981709,0.8035123625091949,0.003967382627736887,29,0.8041009777081419,0.798722203938029,0.808389040383376,0.7992123833092796,0.807137436298171,0.8035124083273996,0.003967494301510797,29,0.8055961453993792,0.7992804682451013,0.8095110038328706,0.8002600400353609,0.8082180736166353,0.8045731462258695,0.0041310963667938435,37,0.804304793464375,0.7988042089028305,0.8085394126738794,0.7993624420401855,0.8072836166924265,0.8036588947547394,0.0039850402777595086,29
3.653779888153076,0.06860050240045658,0.3177741050720215,0.02670257402414055,500,20,5,0.3,14,,True,"{'model__n_estimators': 500, 'model__min_samples_split': 20, 'model__min_samples_leaf': 5, 'model__max_features': 0.3, 'model__max_depth': 14, 'model__class_weight': None, 'model__bootstrap': True}",0.8102965324060659,0.8069158697961943,0.8163639876352395,0.8059312210200927,0.8097952086553323,0.8098605639025849,0.00364965255768901,3,0.8102921643376257,0.8069200010508972,0.8163639876352395,0.8059312210200927,0.8097952086553323,0.8098605165398375,0.003648882454999824,3,0.8099064281499808,0.8065632952171968,0.8158685053599966,0.8054719493275218,0.8095206820743083,0.8094661720258008,0.003621247786379682,3,0.8099072599287785,0.8065624975371538,0.8158685053599964,0.8054719493275218,0.8095206820743083,0.8094661788455518,0.003621395932646102,3,0.8128548132082812,0.8091792490217984,0.8198062741525767,0.8088479234298542,0.811591522423325,0.8124559564471671,0.003967069877715947,4,0.8102921643376257,0.8069200010508972,0.8163639876352395,0.8059312210200927,0.8097952086553323,0.8098605165398375,0.003648882454999824,3
2.036549139022827,0.09969420759371989,0.27402772903442385,0.011840860591268732,500,10,5,sqrt,14,,True,"{'model__n_estimators': 500, 'model__min_samples_split': 10, 'model__min_samples_leaf': 5, 'model__max_features': 'sqrt', 'model__max_depth': 14, 'model__class_weight': None, 'model__bootstrap': True}",0.8080749541195789,0.8020863517820922,0.811920401854714,0.8029366306027821,0.8074768160741885,0.8064990308866712,0.0036053652726104057,21,0.8080714536923063,0.8020889342619044,0.8119204018547141,0.8029366306027821,0.8074768160741885,0.8064988472971791,0.003604427510150691,21,0.8078214715357113,0.8019455947040137,0.8116862923012943,0.8027410059935197,0.8072773942891753,0.8062943517647427,0.003575176759058011,21,0.8078221456915192,0.8019450847146004,0.8116862923012943,0.8027410059935198,0.8072773942891752,0.8062943845980218,0.003575358434483946,21,0.8097010851785801,0.8029532891462106,0.8134792578713785,0.8041431232129272,0.8087547653049257,0.8078063041428045,0.003837781307951544,23,0.8080714536923063,0.8020889342619044,0.8119204018547141,0.8029366306027821,0.8074768160741885,0.8064988472971791,0.003604427510150691,21
6.2536224842071535,0.1573794055757942,0.42174835205078126,0.043224627365196076,900,50,10,0.4,10,,True,"{'model__n_estimators': 900, 'model__min_samples_split': 50, 'model__min_samples_leaf': 10, 'model__max_features': 0.4, 'model__max_depth': 10, 'model__class_weight': None, 'model__bootstrap': True}",0.8076885926784507,0.8044045204288612,0.8154945904173106,0.8055448222565688,0.8069938176197836,0.808025268680195,0.0039046239663439895,17,0.8076833755831807,0.8044090808262321,0.8154945904173108,0.8055448222565688,0.8069938176197836,0.8080251373406153,0.0039038693206033042,17,0.8071242782034556,0.8039689764406892,0.814864336669242,0.8049388204123382,0.8064514390306896,0.8074695701512831,0.0038599803090404493,17,0.8071252859078752,0.803968083932517,0.814864336669242,0.8049388204123383,0.8064514390306897,0.8074695931905325,0.0038601242066241682,17,0.8113203048040578,0.8071443417909503,0.8198500273970943,0.8093895781498914,0.8104739660813436,0.8116356436446674,0.00433916204642529,9,0.8076833755831807,0.8044090808262321,0.8154945904173108,0.8055448222565688,0.8069938176197836,0.8080251373406153,0.0039038693206033042,17
3.4919766426086425,0.07048736849414715,0.2823032855987549,0.01659935778871252,500,20,20,0.3,12,,True,"{'model__n_estimators': 500, 'model__min_samples_split': 20, 'model__min_samples_leaf': 20, 'model__max_features': 0.3, 'model__max_depth': 12, 'model__class_weight': None, 'model__bootstrap': True}",0.8098135806046557,0.8047908818699894,0.8166537867078826,0.8070904173106646,0.8085394126738794,0.8093776158334144,0.004002617092517912,10,0.8098088859922872,0.8047951437206358,0.8166537867078825,0.8070904173106646,0.8085394126738794,0.8093775292810699,0.004001538923725532,10,0.8093617885388515,0.8044114439790064,0.8161572371921224,0.8066080577013595,0.8081129935386946,0.8089303041900069,0.0039722956189516215,10,0.8093626849516805,0.8044106118783683,0.8161572371921225,0.8066080577013595,0.8081129935386945,0.8089303170524451,0.003972504443949072,10,0.8127679085426318,0.8071840952378087,0.8201122108714318,0.8101850809806344,0.8113066056381482,0.812311180254131,0.004310015045589027,5,0.8098088859922872,0.8047951437206358,0.8166537867078825,0.8070904173106646,0.8085394126738794,0.8093775292810699,0.004001538923725532,10
4.267183446884156,0.018583371959303305,0.44177951812744143,0.022782592427058452,900,10,15,0.2,12,,True,"{'model__n_estimators': 900, 'model__min_samples_split': 10, 'model__min_samples_leaf': 15, 'model__max_features': 0.2, 'model__max_depth': 12, 'model__class_weight': None, 'model__bootstrap': True}",0.8089442673621172,0.8044045204288612,0.8152047913446677,0.8060278207109737,0.8091190108191654,0.8087400821331571,0.0036913737567528184,11,0.8089398246434787,0.8044083344504092,0.8152047913446677,0.8060278207109737,0.8091190108191654,0.8087399563937389,0.003690429490969973,11,0.8085378359244662,0.8041002766400034,0.8147881299392927,0.8056237301423437,0.8087213599408722,0.8083542665173956,0.003663749789841958,11,0.8085386879819875,0.8040995309444424,0.8147881299392927,0.8056237301423437,0.8087213599408721,0.8083542877897877,0.003663931524435469,11,0.8115799368439277,0.8063159048986679,0.8180669452741716,0.8085939758339596,0.8117110867009694,0.8112535699103394,0.003954539094663816,14,0.8089398246434787,0.8044083344504092,0.8152047913446677,0.8060278207109737,0.8091190108191654,0.8087399563937389,0.003690429490969973,11
4.227168607711792,0.375649035264975,0.294175910949707,0.018538301351325184,500,50,30,0.4,10,,True,"{'model__n_estimators': 500, 'model__min_samples_split': 50, 'model__min_samples_leaf': 30, 'model__max_features': 0.4, 'model__max_depth': 10, 'model__class_weight': None, 'model__bootstrap': True}",0.8059499661933739,0.8022795325026563,0.8142387944358578,0.8040958268933539,0.8055448222565688,0.8064217884563621,0.004114988457468756,22,0.8059448796976522,0.8022841488583883,0.8142387944358578,0.8040958268933539,0.8055448222565689,0.8064216944283642,0.0041141767768118915,22,0.8054087432731094,0.8018283388101912,0.8136272284486457,0.803461733473035,0.8050122809954182,0.80586766500008,0.004080631775604943,22,0.8054097345238791,0.8018274254626356,0.8136272284486458,0.8034617334730351,0.8050122809954182,0.8058676805807228,0.004080790341596253,22,0.8093805359094309,0.8050680670280708,0.8184182411299652,0.8080715646586122,0.808919649358572,0.8099716116169302,0.004482331384318342,20,0.8059448796976522,0.8022841488583883,0.8142387944358578,0.8040958268933539,0.8055448222565689,0.8064216944283642,0.0041141767768118915,22
4.964769792556763,0.15653196855200194,0.3212305545806885,0.0164548107380437,700,50,30,0.4,8,,True,"{'model__n_estimators': 700, 'model__min_samples_split': 50, 'model__min_samples_leaf': 30, 'model__max_features': 0.4, 'model__max_depth': 8, 'model__class_weight': None, 'model__bootstrap': True}",0.8003477252970154,0.7991886409736308,0.8091190108191654,0.7998454404945904,0.8022604327666152,0.8021522500702035,0.003630650569293523,37,0.8003421722641371,0.7991931266847567,0.8091190108191654,0.7998454404945905,0.8022604327666152,0.802152036605853,0.003630471646871675,37,0.7996838660311398,0.79875605456537,0.80846263855348,0.7991571796977787,0.8016569837230832,0.8015433445141703,0.0036002769863095452,39,0.7996849798889686,0.7987551533436862,0.8084626385534799,0.7991571796977787,0.8016569837230831,0.8015433870413993,0.003600301528414993,39,0.8043702044193204,0.8017934279009076,0.8134151335125157,0.8040126795071402,0.8059842013592703,0.8059151293398308,0.003981189889008084,27,0.8003421722641371,0.7991931266847567,0.8091190108191654,0.7998454404945905,0.8022604327666152,0.802152036605853,0.003630471646871675,37
2.4028433322906495,0.09927251678688766,0.2812649726867676,0.016788411865814264,500,20,30,0.2,6,,True,"{'model__n_estimators': 500, 'model__min_samples_split': 20, 'model__min_samples_leaf': 30, 'model__max_features': 0.2, 'model__max_depth': 6, 'model__class_weight': None, 'model__bootstrap': True}",0.7877909784603496,0.7882739302617598,0.7971406491499228,0.7867078825347759,0.7942426584234931,0.7908312197660602,0.004104424919328527,50,0.7877872352716913,0.7882772869776228,0.7971406491499227,0.7867078825347759,0.7942426584234931,0.7908311424715011,0.004104561780414861,50,0.7874705443002652,0.7880190399527244,0.7968156798418071,0.7863694990455554,0.7939532035999991,0.7905255933480703,0.004103728904238912,50,0.7874713414001658,0.7880183299518635,0.7968156798418071,0.7863694990455553,0.7939532035999991,0.7905256107678782,0.0041036969841092025,50,0.7895290023071191,0.789674409995428,0.7990538543433067,0.7885360076498338,0.7959054117440738,0.7925397372079523,0.004172911745740455,50,0.7877872352716913,0.7882772869776228,0.7971406491499227,0.7867078825347759,0.7942426584234931,0.7908311424715011,0.004104561780414861,50
2.6394653797149656,0.10202305750209976,0.2657926559448242,0.014860091346837967,500,50,15,0.2,8,,True,"{'model__n_estimators': 500, 'model__min_samples_split': 50, 'model__min_samples_leaf': 15, 'model__max_features': 0.2, 'model__max_depth': 8, 'model__class_weight': None, 'model__bootstrap': True}",0.8025693035835023,0.797353424128272,0.8107612055641422,0.8004250386398764,0.802840030911901,0.8027898005655387,0.0044438885537617726,31,0.8025647115302228,0.7973569675227996,0.8107612055641422,0.8004250386398764,0.802840030911901,0.8027895908337884,0.004443067846177441,31,0.8021205974552831,0.7970814875291485,0.810361937842669,0.7999695248407901,0.8023991126547341,0.8023865320645249,0.004419579126016622,31,0.8021215076097014,0.7970807700183331,0.810361937842669,0.7999695248407902,0.8023991126547342,0.8023865705932455,0.004419740453056741,31,0.8053285136973538,0.7989637939659011,0.8134005645172917,0.8031867326328384,0.8055673511323409,0.8052893911891452,0.004696898514871889,32,0.8025647115302228,0.7973569675227996,0.8107612055641422,0.8004250386398764,0.802840030911901,0.8027895908337884,0.004443067846177441,31
4.306504774093628,0.08551117775987847,0.2778691291809082,0.01728974777671005,500,50,30,0.4,12,,True,"{'model__n_estimators': 500, 'model__min_samples_split': 50, 'model__min_samples_leaf': 30, 'model__max_features': 0.4, 'model__max_depth': 12, 'model__class_weight': None, 'model__bootstrap': True}",0.8095238095238095,0.8044045204288612,0.8155911901081917,0.8062210200927357,0.8066074188562596,0.8084695918019715,0.003921150482192524,13,0.8095189189850842,0.804408950210463,0.8155911901081916,0.8062210200927358,0.8066074188562596,0.8084694996505469,0.003919969971209521,13,0.8090327376041662,0.8039936599436726,0.8150363037001738,0.8056604081532421,0.8062637538340227,0.8079973726470555,0.003875953653243056,12,0.8090336729792513,0.8039927931494001,0.8150363037001737,0.8056604081532422,0.8062637538340227,0.8079973863632179,0.003876182733964093,12,0.8127295252088793,0.8069883664906577,0.81942424875858,0.8097956939548008,0.8087985059140901,0.8115472680654016,0.004355498722112568,10,0.8095189189850842,0.804408950210463,0.8155911901081916,0.8062210200927358,0.8066074188562596,0.8084694996505469,0.003919969971209521,13
4.3396094799041744,0.10000709397783158,0.29530696868896483,0.03336368607985468,500,100,15,0.4,14,,True,"{'model__n_estimators': 500, 'model__min_samples_split': 100, 'model__min_samples_leaf': 15, 'model__max_features': 0.4, 'model__max_depth': 14, 'model__class_weight': None, 'model__bootstrap': True}",0.8101033516855017,0.8068192794359123,0.8148183925811437,0.8067040185471407,0.8085394126738794,0.8093968909847156,0.002984046869503149,9,0.8100994687595443,0.8068227482811712,0.8148183925811437,0.8067040185471407,0.8085394126738794,0.8093968081685758,0.0029832645451679193,9,0.8097947757009766,0.8065708876499893,0.8144407614267094,0.8063898579694564,0.8083024003570989,0.8090997366208461,0.002945637107313232,9,0.8097955156913472,0.8065702181303507,0.8144407614267094,0.8063898579694564,0.8083024003570988,0.8090997507149925,0.0029457870156310963,9,0.8121200607902735,0.8084112019818337,0.817402170114222,0.8087077109527425,0.8100728923779601,0.8113428072434065,0.0033006280345585473,11,0.8100994687595443,0.8068227482811712,0.8148183925811437,0.8067040185471407,0.8085394126738794,0.8093968081685758,0.0029832645451679193,9
4.011064100265503,0.5079723273067374,0.3319887638092041,0.02299499170158797,700,50,10,0.2,14,,True,"{'model__n_estimators': 700, 'model__min_samples_split': 50, 'model__min_samples_leaf': 10, 'model__max_features': 0.2, 'model__max_depth': 14, 'model__class_weight': None, 'model__bootstrap': True}",0.8091374480826814,0.8054670143919637,0.8157843894899537,0.8068972179289027,0.8109544049459042,0.8096480949678811,0.0035963891815975002,6,0.8091331173222185,0.8054708564125177,0.8157843894899537,0.8068972179289027,0.8109544049459042,0.8096479972198993,0.0035956196845621157,6,0.8087516401107826,0.8051599500065822,0.8153587980646089,0.8065101638824329,0.8105721957743468,0.8092705495677507,0.0035650267184176437,6,0.8087524698053458,0.8051592028912894,0.815358798064609,0.8065101638824329,0.8105721957743469,0.8092705660836048,0.0035651748869094746,6,0.8116424317594715,0.8074134838482403,0.8187229700820529,0.8093726749994836,0.8134844800615442,0.8121272081501585,0.0038829864878799653,7,0.8091331173222185,0.8054708564125177,0.8157843894899537,0.8068972179289027,0.8109544049459042,0.8096479972198993,0.0035956196845621157,6
4.310073947906494,0.46256550718743383,0.29915509223937986,0.0307170741516419,500,10,20,0.4,10,,True,"{'model__n_estimators': 500, 'model__min_samples_split': 10, 'model__min_samples_leaf': 20, 'model__max_features': 0.4, 'model__max_depth': 10, 'model__class_weight': None, 'model__bootstrap': True}",0.8077851830387327,0.8031488457451946,0.8151081916537867,0.8051584234930448,0.8073802163833076,0.8077161720628133,0.004053692879449272,18,0.8077800499116441,0.803153471438735,0.8151081916537867,0.8051584234930448,0.8073802163833076,0.8077160705761036,0.004052634079487505,18,0.8072391869657518,0.8026978111304416,0.8145056512423948,0.8045469875439702,0.80684681868378,0.8071672911132677,0.00401999112159679,18,0.8072401778842144,0.8026968999494017,0.8145056512423948,0.8045469875439704,0.8068468186837799,0.8071673070607522,0.004020197318445329,18,0.8113006925349852,0.8059568035894589,0.8192563471537665,0.8090253209748284,0.8108134956580553,0.8112705319822189,0.004410435754308175,13,0.8077800499116441,0.803153471438735,0.8151081916537867,0.8051584234930448,0.8073802163833076,0.8077160705761036,0.004052634079487505,18
3.494821310043335,0.2901476850595042,0.32358589172363283,0.04918814261225043,700,50,30,0.2,10,,True,"{'model__n_estimators': 700, 'model__min_samples_split': 50, 'model__min_samples_leaf': 30, 'model__max_features': 0.2, 'model__max_depth': 10, 'model__class_weight': None, 'model__bootstrap': True}",0.8067226890756303,0.8008306770984256,0.811727202472952,0.803806027820711,0.8078632148377125,0.8061899622610863,0.0036918743770271018,23,0.8067183676223362,0.8008343324817684,0.811727202472952,0.803806027820711,0.8078632148377125,0.806189829047096,0.003690689074828209,23,0.8063336818850095,0.8005461894439376,0.8113299728715477,0.8033990423394021,0.8075170581220925,0.8058251889323979,0.0036654510102983144,24,0.8063345202625753,0.8005454618540283,0.8113299728715476,0.8033990423394021,0.8075170581220926,0.8058252110899291,0.003665683873057767,24,0.8091972859135663,0.8025649817136886,0.8143747658368978,0.8063426792027667,0.8100938764591887,0.8085147178252218,0.003934893021669723,22,0.8067183676223362,0.8008343324817684,0.811727202472952,0.803806027820711,0.8078632148377125,0.806189829047096,0.003690689074828209,23
6.067660522460938,0.5540847161588331,0.365125036239624,0.02536708570689849,700,50,5,0.4,12,,True,"{'model__n_estimators': 700, 'model__min_samples_split': 50, 'model__min_samples_leaf': 5, 'model__max_features': 0.4, 'model__max_depth': 12, 'model__class_weight': None, 'model__bootstrap': True}",0.8102965324060659,0.8067226890756303,0.8155911901081917,0.8066074188562596,0.8093122102009274,0.809706008129415,0.0032753812209726594,4,0.8102914366211984,0.8067270629006732,0.8155911901081916,0.8066074188562596,0.8093122102009274,0.80970586373745,0.0032744019394723516,4,0.8097654871479173,0.8063269321623399,0.8150363037001738,0.8060797491555904,0.8088555278270071,0.8092127999986058,0.003240078474515772,8,0.8097664579801991,0.8063260865279097,0.8150363037001737,0.8060797491555906,0.8088555278270071,0.809212825038176,0.0032402622786137933,8,0.8137888343386487,0.8092602682203106,0.81942424875858,0.8099813369190279,0.8122967679595281,0.812950291239219,0.003618655352603931,2,0.8102914366211984,0.8067270629006732,0.8155911901081916,0.8066074188562596,0.8093122102009274,0.80970586373745,0.0032744019394723516,4
3.1633955001831056,0.1455932075322889,0.32353901863098145,0.022376440914338266,700,10,30,0.2,6,,True,"{'model__n_estimators': 700, 'model__min_samples_split': 10, 'model__min_samples_leaf': 30, 'model__max_features': 0.2, 'model__max_depth': 6, 'model__class_weight': None, 'model__bootstrap': True}",0.7878875688206317,0.7884671109823239,0.7973338485316847,0.7869976816074189,0.79395285935085,0.7909278138585818,0.004023239205190838,49,0.7878837976437811,0.7884704863593848,0.7973338485316848,0.7869976816074189,0.79395285935085,0.7909277346986239,0.00402339690057713,49,0.7875624748973525,0.7882096044578804,0.7970091887181483,0.7866581128628246,0.7936704295659347,0.7906219621004281,0.004024471390733373,49,0.7875632775983977,0.7882088911434083,0.7970091887181483,0.7866581128628246,0.7936704295659346,0.7906219799777426,0.004024434888472913,49,0.7896524446117252,0.7898842210544198,0.7992482976816313,0.7888366056912653,0.7955712044386851,0.7926385546955453,0.004080371559760803,49,0.7878837976437811,0.7884704863593848,0.7973338485316848,0.7869976816074189,0.79395285935085,0.7909277346986239,0.00402339690057713,49
3.1789069175720215,0.07543234757326703,0.34638209342956544,0.03168596724249761,700,100,15,0.2,8,,True,"{'model__n_estimators': 700, 'model__min_samples_split': 100, 'model__min_samples_leaf': 15, 'model__max_features': 0.2, 'model__max_depth': 8, 'model__class_weight': None, 'model__bootstrap': True}",0.8010238578189897,0.7964841108857336,0.8104714064914992,0.7997488408037094,0.8024536321483772,0.8020363696296618,0.004656382723228862,38,0.8010192097731048,0.7964875889642662,0.8104714064914993,0.7997488408037094,0.8024536321483772,0.8020361356361914,0.004655756088377898,38,0.8005605391985053,0.7962210157340907,0.8100865675691232,0.799322765522957,0.8020118497691971,0.8016405475587748,0.004634284759685069,37,0.8005614676927348,0.7962203084890593,0.8100865675691232,0.7993227655229569,0.802011849769197,0.8016405918086142,0.004634406927161301,37,0.8038369309524571,0.7980308541764545,0.8130085174054765,0.8023163371831976,0.8051774725344049,0.8044740224503981,0.004897108429560135,38,0.8010192097731048,0.7964875889642662,0.8104714064914993,0.7997488408037094,0.8024536321483772,0.8020361356361914,0.004655756088377898,38
2.5844937801361083,0.09365353422872473,0.32925686836242674,0.029279340259984448,700,50,10,sqrt,14,,True,"{'model__n_estimators': 700, 'model__min_samples_split': 50, 'model__min_samples_leaf': 10, 'model__max_features': 'sqrt', 'model__max_depth': 14, 'model__class_weight': None, 'model__bootstrap': True}",0.8074954119578867,0.8025693035835023,0.8103748068006182,0.8014876352395672,0.8069938176197836,0.8057841950402717,0.0032942713809905543,25,0.8074920608003717,0.8025718021005404,0.8103748068006182,0.8014876352395672,0.8069938176197836,0.8057840245121763,0.003293435985364991,25,0.8072623673311727,0.8024379040813971,0.8101807415697279,0.8012941859707551,0.8068115175040289,0.8055973432914163,0.0032788193880522406,25,0.807263014677358,0.8024374119484304,0.8101807415697277,0.8012941859707551,0.8068115175040289,0.8055973743340601,0.00327897999310984,25,0.8089823073627722,0.8033819482247739,0.8116492884653981,0.8026662735112433,0.8081569729198947,0.8069673580968164,0.003427832216159506,25,0.8074920608003717,0.8025718021005404,0.8103748068006182,0.8014876352395672,0.8069938176197836,0.8057840245121763,0.003293435985364991,25
3.5096105098724366,0.06464257457770868,0.3807152271270752,0.037736325881403986,900,20,15,0.2,6,,True,"{'model__n_estimators': 900, 'model__min_samples_split': 20, 'model__min_samples_leaf': 15, 'model__max_features': 0.2, 'model__max_depth': 6, 'model__class_weight': None, 'model__bootstrap': True}",0.7880807495411958,0.7887568820631701,0.7976236476043277,0.7871908809891809,0.794146058732612,0.7911596437860974,0.004042423812553634,48,0.7880768477503786,0.7887603227508189,0.7976236476043277,0.7871908809891808,0.7941460587326121,0.7911595515654636,0.004042609813442361,48,0.7877330709455521,0.7884896461378945,0.7972883778980937,0.7868315851489277,0.7938549712420266,0.790839530274499,0.004047621253241077,48,0.7877339007274033,0.7884889199533149,0.7972883778980937,0.7868315851489277,0.7938549712420268,0.7908395509939533,0.0040475782338154406,48,0.789972131034848,0.7902310959041814,0.7996057486857819,0.7891402672591579,0.7958168940250916,0.7929532273818122,0.0040814758715921945,48,0.7880768477503786,0.7887603227508189,0.7976236476043277,0.7871908809891808,0.7941460587326121,0.7911595515654636,0.004042609813442361,48
3.907048797607422,0.06019156438998752,0.35535531044006347,0.03189740988122329,700,100,5,0.3,8,,True,"{'model__n_estimators': 700, 'model__min_samples_split': 100, 'model__min_samples_leaf': 5, 'model__max_features': 0.3, 'model__max_depth': 8, 'model__class_weight': None, 'model__bootstrap': True}",0.8013136288998358,0.7993818216941949,0.8086360123647605,0.8009080370942813,0.8024536321483772,0.8025386264402898,0.003203441772094279,34,0.801308430404485,0.7993856543282782,0.8086360123647605,0.8009080370942813,0.8024536321483771,0.8025383532680364,0.0032030852567305913,34,0.8007347769780921,0.7990666935323036,0.8081002149493807,0.8003788460898814,0.8019166287643389,0.8020394320627993,0.003163700835495914,34,0.8007358143471277,0.7990659249270307,0.8081002149493807,0.8003788460898813,0.8019166287643389,0.8020394858155517,0.00316375977098374,34,0.8048442901217904,0.801280282347194,0.8121218754490782,0.8041330353126718,0.8057693915066741,0.8056297749474817,0.0035760918201911598,31,0.801308430404485,0.7993856543282782,0.8086360123647605,0.8009080370942813,0.8024536321483771,0.8025383532680364,0.0032030852567305913,34
4.433582210540772,0.09628859593072349,0.27431588172912597,0.011479612365140026,500,10,5,0.4,14,,True,"{'model__n_estimators': 500, 'model__min_samples_split': 10, 'model__min_samples_leaf': 5, 'model__max_features': 0.4, 'model__max_depth': 14, 'model__class_weight': None, 'model__bootstrap': True}",0.8092340384429634,0.8074954119578867,0.8164605873261206,0.8067040185471407,0.8101816074188563,0.8100151327385936,0.003449468856484274,2,0.8092294931003525,0.8074995058992052,0.8164605873261206,0.8067040185471406,0.8101816074188563,0.8100150424583351,0.0034490776692720996,2,0.8088092486273388,0.8071502404858871,0.815959801895915,0.8062538390929467,0.809873098905538,0.8096092458015252,0.0034159812051445717,2,0.8088101190982726,0.8071494524231657,0.815959801895915,0.8062538390929467,0.809873098905538,0.8096092622831677,0.0034160539310489997,2,0.8119966017654012,0.8097219878160584,0.8199429299769172,0.8095813329641068,0.8122080188564587,0.8126901742757884,0.0037892217432278215,3,0.8092294931003525,0.8074995058992052,0.8164605873261206,0.8067040185471406,0.8101816074188563,0.8100150424583351,0.0034490776692720996,2
2.9201260089874266,0.27012987933342625,0.35018177032470704,0.04992150024806773,700,100,5,sqrt,8,,True,"{'model__n_estimators': 700, 'model__min_samples_split': 100, 'model__min_samples_leaf': 5, 'model__max_features': 'sqrt', 'model__max_depth': 8, 'model__class_weight': None, 'model__bootstrap': True}",0.79725683376799,0.7933932193567081,0.8050618238021638,0.7916344667697064,0.7967542503863988,0.7968201188165935,0.004620722599931565,42,0.797253445196161,0.7933956897990428,0.8050618238021638,0.7916344667697064,0.7967542503863987,0.7968199351906946,0.004620292470169731,42,0.7970059030969338,0.7932587874108622,0.804863526043117,0.7913751065710795,0.7965189835575486,0.7966044613359082,0.004624290151906984,42,0.7970065924669091,0.7932582781989461,0.8048635260431171,0.7913751065710795,0.7965189835575486,0.7966044973675201,0.004624375818875698,42,0.7987264673518846,0.7941636990410007,0.8063069005575129,0.7930919416270337,0.7981330683773606,0.7980844153909585,0.0046544746455024445,42,0.797253445196161,0.7933956897990428,0.8050618238021638,0.7916344667697064,0.7967542503863987,0.7968199351906946,0.004620292470169731,42
5.608203268051147,3.7080078870204933,0.41852335929870604,0.038580431208259075,900,100,15,0.2,8,,True,"{'model__n_estimators': 900, 'model__min_samples_split': 100, 'model__min_samples_leaf': 15, 'model__max_features': 0.2, 'model__max_depth': 8, 'model__class_weight': None, 'model__bootstrap': True}",0.8005409060175794,0.7969670626871438,0.8097952086553323,0.8000386398763524,0.8021638330757341,0.8019011300624284,0.004290678028316875,39,0.800536248637491,0.79697055009988,0.8097952086553323,0.8000386398763524,0.8021638330757341,0.8019008960689579,0.004290172005755259,39,0.8000745951200887,0.7967031770047647,0.8094172564369738,0.7996041955052006,0.8017232143124352,0.8015044876758924,0.0042747640408261085,40,0.8000755277418838,0.7967024695364473,0.8094172564369738,0.7996041955052006,0.8017232143124352,0.8015045327065881,0.004274860602085048,40,0.8033608531878145,0.7985246833341774,0.8122723273418263,0.8026632526379727,0.8048738454715489,0.804338992394668,0.004489875746358894,39,0.800536248637491,0.79697055009988,0.8097952086553323,0.8000386398763524,0.8021638330757341,0.8019008960689579,0.004290172005755259,39
3.418026065826416,0.06902311304668907,0.372957706451416,0.01876206393580833,700,20,30,0.2,12,,True,"{'model__n_estimators': 700, 'model__min_samples_split': 20, 'model__min_samples_leaf': 30, 'model__max_features': 0.2, 'model__max_depth': 12, 'model__class_weight': None, 'model__bootstrap': True}",0.8069158697961943,0.8027624843040665,0.8131761978361669,0.8047720247295209,0.8090224111282844,0.8073297975588467,0.0035949749736129476,19,0.8069117162792627,0.8027658784738942,0.8131761978361669,0.8047720247295209,0.8090224111282844,0.8073296456894259,0.0035942088976447075,19,0.8065568729830073,0.8025197089586787,0.8128065759106976,0.8044073387429678,0.8087120185935108,0.8070005030377724,0.0035675928009747363,19,0.8065576779085972,0.8025190401560744,0.8128065759106977,0.8044073387429678,0.8087120185935108,0.8070005302623697,0.0035677408093767985,19,0.8092018695463763,0.8042662171720543,0.8156694122540724,0.8070621157770173,0.81104124955522,0.8094481728609481,0.0038431318330913056,21,0.8069117162792627,0.8027658784738942,0.8131761978361669,0.8047720247295209,0.8090224111282844,0.8073296456894259,0.0035942088976447075,19
4.337882566452026,0.02979690237785628,0.2713186740875244,0.02971469029699317,500,100,5,0.4,16,,True,"{'model__n_estimators': 500, 'model__min_samples_split': 100, 'model__min_samples_leaf': 5, 'model__max_features': 0.4, 'model__max_depth': 16, 'model__class_weight': None, 'model__bootstrap': True}",0.8086544962812712,0.8086544962812712,0.8153013910355487,0.8058346213292118,0.8098918083462133,0.8096673626547032,0.003115585155748367,5,0.8086508092654499,0.8086573400539003,0.8153013910355487,0.8058346213292118,0.8098918083462132,0.8096671940060649,0.00311564067369337,5,0.8083741388556895,0.8084893732636514,0.8149997597887937,0.8055698677923093,0.8096937023744681,0.8094253684149825,0.0030981251705931305,4,0.8083748468289866,0.8084888300958303,0.8149997597887938,0.8055698677923092,0.8096937023744681,0.8094254013760777,0.0030981099713896765,4,0.8104631082625005,0.8097290640394088,0.8173712061337561,0.807509551867266,0.811187574542475,0.8112521009690813,0.0032983764623148487,15,0.8086508092654499,0.8086573400539003,0.8153013910355487,0.8058346213292118,0.8098918083462132,0.8096671940060649,0.00311564067369337,5
3.6288737773895265,0.1956492439287105,0.3588103771209717,0.0316302409669612,700,50,5,0.3,6,,True,"{'model__n_estimators': 700, 'model__min_samples_split': 50, 'model__min_samples_leaf': 5, 'model__max_features': 0.3, 'model__max_depth': 6, 'model__class_weight': None, 'model__bootstrap': True}",0.7887568820631701,0.7898193760262726,0.7982032457496137,0.7885432766615147,0.7956916537867079,0.7922028868574558,0.0039780553347630795,47,0.7887527283768208,0.7898231992414433,0.7982032457496135,0.7885432766615147,0.7956916537867079,0.79220282076322,0.003978317608664117,47,0.7883641226682525,0.7894908383434877,0.7977702660740906,0.7881657823074594,0.7953563969113906,0.7918294812609362,0.00396567041228977,47,0.7883650032946984,0.7894900350728696,0.7977702660740906,0.7881657823074594,0.7953563969113906,0.7918294967321018,0.003965611283712597,47,0.7909073805754953,0.7916483310226479,0.8007791530120529,0.7906148107404634,0.7976420995126321,0.7943183549726583,0.0041296296004461885,47,0.7887527283768208,0.7898231992414433,0.7982032457496135,0.7885432766615147,0.7956916537867079,0.79220282076322,0.003978317608664117,47
2.592157173156738,0.03602344005105898,0.2816744327545166,0.03861730326796182,500,10,5,0.2,8,,True,"{'model__n_estimators': 500, 'model__min_samples_split': 10, 'model__min_samples_leaf': 5, 'model__max_features': 0.2, 'model__max_depth': 8, 'model__class_weight': None, 'model__bootstrap': True}",0.8019897614218101,0.7977397855694002,0.8103748068006182,0.7996522411128284,0.8021638330757341,0.8023840855960781,0.00431481459889715,36,0.8019851507037279,0.7977433289675324,0.8103748068006182,0.7996522411128284,0.8021638330757341,0.8023838721320882,0.004314136801909692,36,0.8015360710585895,0.7974683674385306,0.8099747238311177,0.7991724238668758,0.8017086158679079,0.8019720404126043,0.004299379646550339,36,0.8015369876047778,0.7974676512957052,0.8099747238311177,0.7991724238668757,0.8017086158679078,0.8019720804932768,0.004299511122088641,36,0.8047663152179554,0.7993522431901507,0.8130108839894492,0.8025435896972067,0.8049642568683472,0.8049274577926218,0.004519622664356932,33,0.8019851507037279,0.7977433289675324,0.8103748068006182,0.7996522411128284,0.8021638330757341,0.8023838721320882,0.004314136801909692,36
1.9912784576416016,0.02042551186576803,0.29402804374694824,0.016419045386687495,500,10,20,sqrt,16,,True,"{'model__n_estimators': 500, 'model__min_samples_split': 10, 'model__min_samples_leaf': 20, 'model__max_features': 'sqrt', 'model__max_depth': 16, 'model__class_weight': None, 'model__bootstrap': True}",0.8058533758330919,0.8007340867381435,0.8095054095826894,0.7995556414219475,0.8080564142194745,0.8047409855590694,0.003946447708568924,27,0.8058501832651196,0.8007363146768237,0.8095054095826894,0.7995556414219473,0.8080564142194745,0.804740792633211,0.003945815645454815,27,0.8056400405876847,0.8006287247218782,0.8093209223743422,0.7993905152798682,0.8078982910173966,0.804575698796234,0.003928213888408359,27,0.8056406625563302,0.800628282024331,0.8093209223743423,0.7993905152798682,0.8078982910173967,0.8045757346504537,0.003928336567753572,27,0.8071949963652851,0.8013760659883384,0.810707882987903,0.8005451832014263,0.8090740371587708,0.8057796331403448,0.004097190922580133,29,0.8058501832651196,0.8007363146768237,0.8095054095826894,0.7995556414219473,0.8080564142194745,0.804740792633211,0.003945815645454815,27
3.125387096405029,0.05701415168926257,0.28888540267944335,0.026531612088327557,500,10,15,0.3,8,,True,"{'model__n_estimators': 500, 'model__min_samples_split': 10, 'model__min_samples_leaf': 15, 'model__max_features': 0.3, 'model__max_depth': 8, 'model__class_weight': None, 'model__bootstrap': True}",0.8019897614218101,0.7987056891722206,0.8091190108191654,0.8004250386398764,0.8029366306027821,0.8026352261311709,0.003546071705006544,33,0.8019845162842785,0.7987096990642537,0.8091190108191654,0.8004250386398764,0.8029366306027821,0.8026349790820712,0.003545375101035987,33,0.801402463832831,0.798359462914253,0.8085627913009836,0.7998682983556908,0.8024304166268124,0.802124686606114,0.003502355379692543,33,0.8014035069901827,0.7983586558600386,0.8085627913009836,0.799868298355691,0.8024304166268124,0.8021247338267417,0.003502485930078141,33,0.80559292373877,0.8007803302324145,0.812753827359706,0.8038056291393229,0.8060735243094839,0.8058012469559394,0.003940761424026441,28,0.8019845162842785,0.7987096990642537,0.8091190108191654,0.8004250386398764,0.8029366306027821,0.8026349790820712,0.003545375101035987,33
