mean_fit_time,std_fit_time,mean_score_time,std_score_time,param_model__max_depth,param_model__min_samples_leaf,param_model__min_samples_split,params,split0_test_accuracy,split1_test_accuracy,split2_test_accuracy,split3_test_accuracy,split4_test_accuracy,mean_test_accuracy,std_test_accuracy,rank_test_accuracy,split0_test_balanced_accuracy,split1_test_balanced_accuracy,split2_test_balanced_accuracy,split3_test_balanced_accuracy,split4_test_balanced_accuracy,mean_test_balanced_accuracy,std_test_balanced_accuracy,rank_test_balanced_accuracy,split0_test_f1_macro,split1_test_f1_macro,split2_test_f1_macro,split3_test_f1_macro,split4_test_f1_macro,mean_test_f1_macro,std_test_f1_macro,rank_test_f1_macro,split0_test_f1_weighted,split1_test_f1_weighted,split2_test_f1_weighted,split3_test_f1_weighted,split4_test_f1_weighted,mean_test_f1_weighted,std_test_f1_weighted,rank_test_f1_weighted,split0_test_precision_macro,split1_test_precision_macro,split2_test_precision_macro,split3_test_precision_macro,split4_test_precision_macro,mean_test_precision_macro,std_test_precision_macro,rank_test_precision_macro,split0_test_recall_macro,split1_test_recall_macro,split2_test_recall_macro,split3_test_recall_macro,split4_test_recall_macro,mean_test_recall_macro,std_test_recall_macro,rank_test_recall_macro
0.8334043502807618,0.011193861093896225,0.05978717803955078,0.0014405714562325672,14,10,100,"{'model__max_depth': 14, 'model__min_samples_leaf': 10, 'model__min_samples_split': 100}",0.7979329662899642,0.7960977494446054,0.8076700154559505,0.7979134466769706,0.7997488408037094,0.7998726037342401,0.004066078246150697,53,0.7979292511850209,0.7960999027024478,0.8076700154559505,0.7979134466769706,0.7997488408037094,0.7998722913648197,0.004066033322880166,53,0.7976323902451277,0.7959970656306808,0.8072469220348266,0.7969637353810106,0.7995157199045453,0.7994711666392382,0.0040546774205947895,54,0.7976331435685483,0.7959966278749682,0.8072469220348266,0.7969637353810107,0.7995157199045453,0.7994712297527798,0.004054684128094197,54,0.7997053948684836,0.7966881603731994,0.810395288764381,0.8035937403954825,0.8011495341678903,0.8023064237138874,0.00462072612227535,44,0.7979292511850209,0.7960999027024478,0.8076700154559505,0.7979134466769706,0.7997488408037094,0.7998722913648197,0.004066033322880166,53
0.8123328208923339,0.008118853347493557,0.05974159240722656,0.0023222118902020234,14,10,200,"{'model__max_depth': 14, 'model__min_samples_leaf': 10, 'model__min_samples_split': 200}",0.8019897614218101,0.79725683376799,0.8080564142194745,0.7997488408037094,0.7994590417310664,0.8013021783888101,0.003695058743162378,16,0.8019853372976836,0.7972591363118108,0.8080564142194745,0.7997488408037094,0.7994590417310665,0.801301754072749,0.003694390517516384,17,0.8015720680368468,0.7971423011254808,0.8076129689325527,0.7989780954493438,0.7993363260213264,0.8009283519131101,0.003626863725746007,20,0.8015729473913414,0.797141835545633,0.8076129689325526,0.7989780954493438,0.7993363260213264,0.8009284346680395,0.0036269921673110573,20,0.8045442170378068,0.7979347224783331,0.810923080939635,0.8044175542203317,0.8001933738041357,0.8036025896960485,0.004447198962703114,10,0.8019853372976836,0.7972591363118108,0.8080564142194745,0.7997488408037094,0.7994590417310665,0.801301754072749,0.003694390517516384,17
0.8511296272277832,0.035063048369470315,0.06351094245910645,0.006082227756503047,14,10,300,"{'model__max_depth': 14, 'model__min_samples_leaf': 10, 'model__min_samples_split': 300}",0.8002511349367333,0.7992852313339128,0.8073802163833076,0.7982032457496137,0.8025502318392581,0.801534012048565,0.0032559975525618167,10,0.8002479609758893,0.799288364239761,0.8073802163833075,0.7982032457496135,0.8025502318392581,0.8015340038375658,0.0032558155158782603,10,0.8000341987221469,0.7990748576215507,0.8069078750434043,0.7974649818518733,0.8023637346237413,0.8011691295725433,0.0032788727997321372,11,0.8000348348987294,0.7990742296403196,0.8069078750434043,0.7974649818518732,0.8023637346237413,0.8011691312116136,0.0032789090038389717,11,0.8015527013053719,0.8005508591197167,0.8104175864206913,0.8026155220436273,0.8036965510337037,0.8037666439846222,0.0034873441045321046,8,0.8002479609758893,0.799288364239761,0.8073802163833075,0.7982032457496135,0.8025502318392581,0.8015340038375658,0.0032558155158782603,10
0.825251293182373,0.02999754190856517,0.061620235443115234,0.0015914053644351556,14,10,500,"{'model__max_depth': 14, 'model__min_samples_leaf': 10, 'model__min_samples_split': 500}",0.7978363759296823,0.7918477735921955,0.8070904173106646,0.7950154559505409,0.7995556414219475,0.7982691328410061,0.005127917910372679,67,0.7978349279403998,0.7918488072466524,0.8070904173106646,0.7950154559505409,0.7995556414219475,0.7982690499740409,0.005127683530209512,67,0.797790464755535,0.7918242727712943,0.8068529231898438,0.7947180876973443,0.7994916049361074,0.7981354706700248,0.005088454243930702,67,0.7977907590579334,0.7918240591274679,0.8068529231898438,0.7947180876973443,0.7994916049361076,0.7981354868017394,0.005088503251814609,67,0.7981039274955166,0.7919818524099254,0.8086082793085331,0.7967348382286357,0.7999388079666324,0.7990735410818486,0.005447231399439755,67,0.7978349279403998,0.7918488072466524,0.8070904173106646,0.7950154559505409,0.7995556414219475,0.7982690499740409,0.005127683530209512,67
0.8328466415405273,0.012992442026390832,0.06227121353149414,0.002977025472005267,14,20,100,"{'model__max_depth': 14, 'model__min_samples_leaf': 20, 'model__min_samples_split': 100}",0.799575002414759,0.8001545445764513,0.8071870170015456,0.7990726429675425,0.7987828438948995,0.8009544101710396,0.0031510216289638315,32,0.7995709794451084,0.8001581159862058,0.8071870170015456,0.7990726429675425,0.7987828438948996,0.8009543198590604,0.0031511934489956406,32,0.7992254246657076,0.7998820987010444,0.8067887451525113,0.7981864054679043,0.7985012353741867,0.8005167818722707,0.0031906435533739326,38,0.7992262338734599,0.7998813854919467,0.8067887451525114,0.7981864054679042,0.7985012353741868,0.8005168010720018,0.003190606461354158,38,0.8016671013410017,0.8018059654078301,0.8097409281027272,0.8044199209889826,0.8004625128283415,0.8036192857337767,0.0033220443040267943,9,0.7995709794451084,0.8001581159862058,0.8071870170015456,0.7990726429675425,0.7987828438948996,0.8009543198590604,0.0031511934489956406,32
0.8326730728149414,0.02408466709824784,0.06388816833496094,0.0032675422071734676,14,20,200,"{'model__max_depth': 14, 'model__min_samples_leaf': 20, 'model__min_samples_split': 200}",0.8011204481792717,0.8001545445764513,0.8083462132921174,0.7994590417310664,0.7994590417310664,0.8017078579019946,0.003374609402478713,8,0.8011161080143149,0.8001581159862058,0.8083462132921175,0.7994590417310665,0.7994590417310665,0.8017077041509542,0.0033744326469424242,8,0.8007167002471303,0.7998820987010444,0.8078651334320839,0.7986603559342994,0.7992993560620494,0.8012847288753214,0.003359190098822794,9,0.8007175666590018,0.7998813854919467,0.8078651334320839,0.7986603559342994,0.7992993560620494,0.8012847595158762,0.0033592203946301736,9,0.8035709676892633,0.8018059654078301,0.8114656860105844,0.8042872998852456,0.8004151321634863,0.8043090102312819,0.003825982387258956,5,0.8011161080143149,0.8001581159862058,0.8083462132921175,0.7994590417310665,0.7994590417310665,0.8017077041509542,0.0033744326469424242,8
0.8126026630401612,0.014010230054957098,0.06314940452575683,0.003967870996277862,14,20,300,"{'model__max_depth': 14, 'model__min_samples_leaf': 20, 'model__min_samples_split': 300}",0.8009272674587076,0.801699990340964,0.8072836166924265,0.7982998454404946,0.803033230293663,0.8022487900452511,0.002953187851256413,1,0.800924084174474,0.801704177525191,0.8072836166924267,0.7982998454404946,0.8030332302936631,0.8022489908252499,0.002953318052678639,1,0.8007097942613756,0.8013279754557473,0.8067828697209906,0.7974766281304349,0.8028552969400531,0.8018305129017204,0.003034497887547357,3,0.8007104301479175,0.8013271450653786,0.8067828697209906,0.7974766281304346,0.802855296940053,0.801830474000955,0.003034478457286876,3,0.8022394884767461,0.8039861252115059,0.8105024443064255,0.8032301265593782,0.8041312072578912,0.8048178783623893,0.0029205023770647836,1,0.800924084174474,0.801704177525191,0.8072836166924267,0.7982998454404946,0.8030332302936631,0.8022489908252499,0.002953318052678639,1
0.7970458030700683,0.009723492642296697,0.06244382858276367,0.0034137464944699633,14,20,500,"{'model__max_depth': 14, 'model__min_samples_leaf': 20, 'model__min_samples_split': 500}",0.7971602434077079,0.7945523036800928,0.8071870170015456,0.7954984544049459,0.7973338485316847,0.7983463734051953,0.004540808251820987,66,0.7971586927854417,0.7945544009453298,0.8071870170015456,0.7954984544049459,0.7973338485316847,0.7983464827337895,0.004540538927931389,66,0.7971074515905302,0.7944560830410146,0.8069350183680248,0.7952032930174253,0.7972866261323848,0.798197694429876,0.0045016796886435916,66,0.7971077677091959,0.79445565348459,0.8069350183680248,0.7952032930174253,0.7972866261323848,0.7981976717423243,0.004501735788599873,66,0.7974664371425594,0.7951094626167177,0.8087992615689408,0.7972118700009202,0.797611164487261,0.7992396391632798,0.004865239188305655,64,0.7971586927854417,0.7945544009453298,0.8071870170015456,0.7954984544049459,0.7973338485316847,0.7983464827337895,0.004540538927931389,66
0.898347282409668,0.06506293570586712,0.07367606163024902,0.008949296509756784,14,30,100,"{'model__max_depth': 14, 'model__min_samples_leaf': 30, 'model__min_samples_split': 100}",0.8019897614218101,0.801699990340964,0.8068006182380216,0.7975270479134466,0.8015842349304482,0.8019203305689381,0.002942260048386512,5,0.801985318638288,0.8017041402063998,0.8068006182380216,0.7975270479134466,0.8015842349304483,0.8019202719853208,0.002942178179754407,5,0.8015685357154477,0.801334601107926,0.8064183825343305,0.7966444227384792,0.8013872677993575,0.8014706419791082,0.0030921697985881826,5,0.8015694187882073,0.8013337781592028,0.8064183825343304,0.7966444227384792,0.8013872677993575,0.8014706540039155,0.00309218267819832,5,0.8045659996010404,0.8039452644299852,0.8092430762859143,0.8027837427635771,0.8027853414128696,0.8046646848986774,0.002389930858694949,2,0.801985318638288,0.8017041402063998,0.8068006182380216,0.7975270479134466,0.8015842349304483,0.8019202719853208,0.002942178179754407,5
0.8220870018005371,0.003973511049496299,0.06702642440795899,0.00426467730756354,14,30,200,"{'model__max_depth': 14, 'model__min_samples_leaf': 30, 'model__min_samples_split': 200}",0.8035352071863228,0.7982227373708104,0.8072836166924265,0.7976236476043277,0.8001352395672334,0.8013600896842241,0.0036089761741755705,14,0.8035304845262857,0.798226607312871,0.8072836166924267,0.7976236476043277,0.8001352395672334,0.8013599191406289,0.0036077348804761317,14,0.8030629147434021,0.7978995640472919,0.8067790518030737,0.7967336309245562,0.7999130065810995,0.8008776336198847,0.0036489547052196794,22,0.8030638462866818,0.7978987834353993,0.8067790518030736,0.7967336309245561,0.7999130065810995,0.8008776638061621,0.003649193732243767,22,0.8064645260423947,0.8001510985698725,0.8105271803715683,0.8029292390160518,0.8014746090377866,0.8043093306075347,0.003756000956028945,4,0.8035304845262857,0.798226607312871,0.8072836166924267,0.7976236476043277,0.8001352395672334,0.8013599191406289,0.0036077348804761317,14
0.8230277061462402,0.02577555219378872,0.06221609115600586,0.004709053963713598,14,30,300,"{'model__max_depth': 14, 'model__min_samples_leaf': 30, 'model__min_samples_split': 300}",0.8025693035835023,0.8002511349367333,0.8066074188562596,0.7962712519319938,0.8040958268933539,0.8019589872403685,0.0035160653764697834,4,0.8025655138842324,0.8002547529958779,0.8066074188562596,0.7962712519319939,0.804095826893354,0.8019589529123436,0.00351558308256932,4,0.802263711028401,0.7999716354039489,0.806106825036196,0.7954822019259777,0.8039222542763063,0.801549325534166,0.0036389843139170695,4,0.8022644618700597,0.799970913182934,0.8061068250361959,0.7954822019259777,0.8039222542763063,0.8015493312582948,0.0036390764469185566,4,0.804442901125046,0.8019467540263836,0.80980685894027,0.8009150933671683,0.8051764241924068,0.804457606330255,0.0030979088506040762,3,0.8025655138842324,0.8002547529958779,0.8066074188562596,0.7962712519319939,0.804095826893354,0.8019589529123436,0.00351558308256932,4
0.8032187461853028,0.020209193362423054,0.06187124252319336,0.003928666947054421,14,30,500,"{'model__max_depth': 14, 'model__min_samples_leaf': 30, 'model__min_samples_split': 500}",0.7977397855694002,0.7945523036800928,0.8070904173106646,0.7954018547140649,0.8007148377125193,0.7990998397973483,0.004531279580410189,55,0.7977381603149587,0.7945544009453298,0.8070904173106646,0.7954018547140649,0.8007148377125193,0.7990999341995074,0.004530956328726857,55,0.7976819788613739,0.7944560830410146,0.8068369405874772,0.7950989808935054,0.8006381747583927,0.7989424316283528,0.00450970054094214,57,0.7976823091854199,0.79445565348459,0.8068369405874772,0.7950989808935055,0.8006381747583927,0.7989424117818771,0.0045097675483451,57,0.7980768821232487,0.7951094626167177,0.8087108308629781,0.7971588324251973,0.8011780999812073,0.8000468216018698,0.004752757179372782,57,0.7977381603149587,0.7945544009453298,0.8070904173106646,0.7954018547140649,0.8007148377125193,0.7990999341995074,0.004530956328726857,55
0.8223536968231201,0.011422903578463822,0.06864786148071289,0.009676064994333052,14,50,100,"{'model__max_depth': 14, 'model__min_samples_leaf': 50, 'model__min_samples_split': 100}",0.7998647734956051,0.7991886409736308,0.8065108191653787,0.7966576506955177,0.8016808346213292,0.8007805437902924,0.003286871361524101,40,0.7998605546050045,0.7991920817586047,0.8065108191653787,0.7966576506955177,0.8016808346213292,0.800780388169167,0.003286774057697925,40,0.7994808720183512,0.7989346018841712,0.8060042309581739,0.7958503000507691,0.801485170521002,0.8003510350864934,0.0033545482375720564,47,0.799481719482981,0.7989339115605587,0.8060042309581736,0.7958503000507692,0.8014851705210019,0.8003510665146969,0.0033545626036941044,47,0.8021695062568359,0.8007159880811812,0.8097462255010961,0.8014258448241042,0.8028749368895316,0.8033865003105497,0.003260818353220697,12,0.7998605546050045,0.7991920817586047,0.8065108191653787,0.7966576506955177,0.8016808346213292,0.800780388169167,0.003286774057697925,40
0.8196895122528076,0.012429549393241911,0.062279701232910156,0.004754544055254993,14,50,200,"{'model__max_depth': 14, 'model__min_samples_leaf': 50, 'model__min_samples_split': 200}",0.8002511349367333,0.7962909301651695,0.8091190108191654,0.7967542503863988,0.7994590417310664,0.8003748736077068,0.004628207026706944,51,0.8002476810849557,0.7962944269012954,0.8091190108191654,0.7967542503863987,0.7994590417310665,0.8003748821845763,0.0046276088722168466,51,0.7999942978300889,0.7960247422916175,0.8086726680563456,0.7958890082533134,0.7993401331834429,0.7999841699229616,0.004655154175289527,51,0.7999949901133953,0.7960240305593353,0.8086726680563456,0.7958890082533134,0.7993401331834428,0.7999841660331665,0.004655275568470914,51,0.8017936948743762,0.7978533797130557,0.8120307256221475,0.8018728997938238,0.8001705511093604,0.8027442502225528,0.004867154689400916,29,0.8002476810849557,0.7962944269012954,0.8091190108191654,0.7967542503863987,0.7994590417310665,0.8003748821845763,0.0046276088722168466,51
0.8252497673034668,0.02241111688222401,0.06204299926757813,0.004654406776756447,14,50,300,"{'model__max_depth': 14, 'model__min_samples_leaf': 50, 'model__min_samples_split': 300}",0.8001545445764513,0.7971602434077079,0.8074768160741885,0.795112055641422,0.8039026275115919,0.8007612574422722,0.0044769591737369085,42,0.800150894800119,0.7971627978524678,0.8074768160741885,0.795112055641422,0.8039026275115919,0.8007610383759578,0.004476647593284389,42,0.7998676270680409,0.7970191040843215,0.8069727570142988,0.7942215316431207,0.8037631352119077,0.800368831004338,0.004569339231430024,45,0.7998683590004603,0.7970185870904629,0.8069727570142987,0.7942215316431206,0.8037631352119078,0.80036887399205,0.0045693989918777775,45,0.8018776123301985,0.7979946559586248,0.8107224190891865,0.8003105341753771,0.8047691916091455,0.8031348826325064,0.004386827518647399,16,0.800150894800119,0.7971627978524678,0.8074768160741885,0.795112055641422,0.8039026275115919,0.8007610383759578,0.004476647593284389,42
0.7934071540832519,0.005633435865872091,0.06539983749389648,0.008980352057256853,14,50,500,"{'model__max_depth': 14, 'model__min_samples_leaf': 50, 'model__min_samples_split': 500}",0.797353424128272,0.7936829904375543,0.8065108191653787,0.794822256568779,0.8005216383307573,0.7985782257261483,0.004610285523041707,63,0.7973517242326436,0.7936845372425115,0.8065108191653787,0.794822256568779,0.8005216383307574,0.798578195108014,0.0046100474708780405,64,0.7972900889883372,0.7936305723924727,0.8063031014502959,0.794480726511233,0.8004371512362449,0.7984283281157167,0.004603151792398534,64,0.797290435081998,0.7936302547073509,0.8063031014502958,0.7944807265112329,0.8004371512362449,0.7984283337974245,0.00460320090407492,64,0.7977217744331078,0.7939850374851105,0.8078312741520438,0.7967951021632673,0.8010314179820259,0.7994729212431111,0.004746473928114616,61,0.7973517242326436,0.7936845372425115,0.8065108191653787,0.794822256568779,0.8005216383307574,0.798578195108014,0.0046100474708780405,64
0.8870157718658447,0.020590295846727138,0.06432561874389649,0.0021219005497543518,16,10,100,"{'model__max_depth': 16, 'model__min_samples_leaf': 10, 'model__min_samples_split': 100}",0.7984159180913745,0.7949386651212209,0.8067040185471407,0.7961746522411128,0.7982998454404946,0.7989066198882686,0.004113798769696182,58,0.7984119697484923,0.7949405571367113,0.8067040185471406,0.7961746522411128,0.7982998454404946,0.7989062086227903,0.004113528411603117,58,0.7980772419877521,0.7948605708001504,0.8065037962732764,0.7959139358885539,0.7981020695443541,0.7986915228988174,0.0041023796790139785,59,0.7980780407521474,0.7948601841946004,0.8065037962732764,0.7959139358885539,0.798102069544354,0.7986916053305864,0.004102427981346977,59,0.8004227593099096,0.7953925947554163,0.8079787558413883,0.7976958570989292,0.7994732818706438,0.8001926497752574,0.004253666421223799,55,0.7984119697484923,0.7949405571367113,0.8067040185471406,0.7961746522411128,0.7982998454404946,0.7989062086227903,0.004113528411603117,58
0.864494800567627,0.008198562116610094,0.06532058715820313,0.004018003559931907,16,10,200,"{'model__max_depth': 16, 'model__min_samples_leaf': 10, 'model__min_samples_split': 200}",0.8029556650246306,0.7969670626871438,0.8077666151468316,0.7985896445131375,0.7999420401854714,0.801244205511443,0.003808075642274751,20,0.8029509050403953,0.7969692252827942,0.8077666151468315,0.7985896445131375,0.7999420401854713,0.801243686033726,0.003807162564689724,21,0.8024744572492809,0.7968659340176827,0.8075099639304503,0.798349823898783,0.7997986967160167,0.8009997751624427,0.0037446153019151445,16,0.8024753989474716,0.7968654962312348,0.8075099639304504,0.7983498238987828,0.7997986967160167,0.8009998759447912,0.003744786154495925,16,0.8059262365924164,0.7975643506081691,0.8094168242889584,0.8000168732366126,0.8008035375281213,0.8027455644508557,0.004305451992405503,28,0.8029509050403953,0.7969692252827942,0.8077666151468315,0.7985896445131375,0.7999420401854713,0.801243686033726,0.003807162564689724,21
0.8453089237213135,0.013721408148732952,0.0632514476776123,0.005409266660702772,16,10,300,"{'model__max_depth': 16, 'model__min_samples_leaf': 10, 'model__min_samples_split': 300}",0.8004443156572975,0.7989954602530668,0.8071870170015456,0.7970440494590417,0.803226429675425,0.8013794544092754,0.0035353288277528865,13,0.8004406752133664,0.7989984718701402,0.8071870170015456,0.7970440494590417,0.803226429675425,0.8013793286439039,0.003535115871670096,13,0.8001592761353904,0.7988008321743578,0.806910142431229,0.7968157523257252,0.8029868438581562,0.8011345693849717,0.0035167562275138313,13,0.8001600051367251,0.7988002277393308,0.8069101424312289,0.7968157523257252,0.8029868438581561,0.8011345942982333,0.0035167960395033632,13,0.8021601910428078,0.8001635200107178,0.8089591021796794,0.7983851074482219,0.804708642754651,0.8028753126872157,0.003698668822689313,25,0.8004406752133664,0.7989984718701402,0.8071870170015456,0.7970440494590417,0.803226429675425,0.8013793286439039,0.003535115871670096,13
0.8369701385498047,0.01598706426295151,0.06380457878112793,0.006207245697755861,16,10,500,"{'model__max_depth': 16, 'model__min_samples_leaf': 10, 'model__min_samples_split': 500}",0.797450014488554,0.7915580025113493,0.8073802163833076,0.7938562596599691,0.7995556414219475,0.7979600268930255,0.005465764175248076,76,0.7974486038144581,0.7915589148770317,0.8073802163833076,0.7938562596599691,0.7995556414219475,0.7979599272313427,0.0054655768189234176,76,0.7974063447503841,0.7915397032149228,0.8072678113538082,0.7938303720391351,0.7994916049361074,0.7979071672588715,0.0054322699017035295,75,0.797406632051293,0.7915395145623824,0.8072678113538081,0.7938303720391351,0.7994916049361076,0.7979071869885452,0.0054323088322363825,75,0.7977035991215096,0.7916623828156761,0.808098972795905,0.7940039256809444,0.7999388079666324,0.7982815376761334,0.005684606680637054,77,0.7974486038144581,0.7915589148770317,0.8073802163833076,0.7938562596599691,0.7995556414219475,0.7979599272313427,0.0054655768189234176,76
0.836653757095337,0.014334866009262419,0.06367578506469726,0.003500705147876936,16,20,100,"{'model__max_depth': 16, 'model__min_samples_leaf': 20, 'model__min_samples_split': 100}",0.8006374963778615,0.7996715927750411,0.8070904173106646,0.7962712519319938,0.7959814528593508,0.7999304422509823,0.0040203572590156965,52,0.8006332401756789,0.7996751735099875,0.8070904173106646,0.7962712519319939,0.7959814528593508,0.7999303071575351,0.0040201622062524785,52,0.8002482805450506,0.7993970548007658,0.8068833218153973,0.7960120676374536,0.7957425970529431,0.7996566643703221,0.004031004662995989,52,0.8002491322208336,0.7993963379914335,0.8068833218153975,0.7960120676374537,0.795742597052943,0.7996566913436123,0.004031038925946271,52,0.8029895711410062,0.8013290327470968,0.8084133692181996,0.7977846966861335,0.7973724258090743,0.801577819120302,0.004021263340569335,53,0.8006332401756789,0.7996751735099875,0.8070904173106646,0.7962712519319939,0.7959814528593508,0.7999303071575351,0.0040201622062524785,52
0.8414902687072754,0.009675085560853244,0.06251583099365235,0.004546578342826009,16,20,200,"{'model__max_depth': 16, 'model__min_samples_leaf': 20, 'model__min_samples_split': 200}",0.8023761228629382,0.7996715927750411,0.8088292117465224,0.7978168469860897,0.8000386398763524,0.8017464828493888,0.0038268898504205165,6,0.8023713815326917,0.7996751735099875,0.8088292117465223,0.7978168469860896,0.8000386398763524,0.8017462507303288,0.00382634642298515,6,0.8018972793849566,0.7993970548007658,0.8085332513133041,0.7975706746171434,0.7998449844395985,0.8014486489111536,0.003800324282339376,7,0.8018982201383513,0.7993963379914335,0.8085332513133041,0.7975706746171433,0.7998449844395986,0.8014486936999662,0.003800423922364077,7,0.8053175722880535,0.8013290327470968,0.8107505872134453,0.7992726172706559,0.801204333508248,0.8035748286054998,0.004091467598697525,11,0.8023713815326917,0.7996751735099875,0.8088292117465223,0.7978168469860896,0.8000386398763524,0.8017462507303288,0.00382634642298515,6
0.8369635581970215,0.006089585067204325,0.06529979705810547,0.003821749785239038,16,20,300,"{'model__max_depth': 16, 'model__min_samples_leaf': 20, 'model__min_samples_split': 300}",0.8014102192601178,0.8012170385395537,0.8077666151468316,0.7967542503863988,0.8039026275115919,0.8022101501688986,0.003609204488813848,2,0.8014065041876162,0.8012212350489727,0.8077666151468315,0.7967542503863987,0.8039026275115919,0.8022102464562822,0.0036091390933157557,2,0.8011148156519992,0.800842447802552,0.8074556806952311,0.7964942754073543,0.803744332094218,0.801930310330271,0.0036116296809813662,1,0.8011155560119193,0.8008416135247411,0.8074556806952311,0.7964942754073543,0.803744332094218,0.8019302915466928,0.003611646539879074,1,0.8032033779636487,0.8035097782207499,0.8097675550907057,0.7982784321617451,0.8048862852533689,0.8039290857380438,0.003677942677675263,6,0.8014065041876162,0.8012212350489727,0.8077666151468315,0.7967542503863987,0.8039026275115919,0.8022102464562822,0.0036091390933157557,2
0.8091509819030762,0.005139625048354977,0.06056056022644043,0.0016430995476038725,16,20,500,"{'model__max_depth': 16, 'model__min_samples_leaf': 20, 'model__min_samples_split': 500}",0.79725683376799,0.7945523036800928,0.8076700154559505,0.7940494590417311,0.7972372488408037,0.7981531721573136,0.004940027520691739,70,0.7972552738169272,0.7945544009453298,0.8076700154559505,0.7940494590417311,0.7972372488408037,0.7981532796201485,0.004939778513975532,71,0.7972034330945375,0.7944560830410146,0.8075457957853858,0.7940286704569821,0.7971963546235405,0.7980860674002921,0.004913173102318655,69,0.797203750955689,0.79445565348459,0.8075457957853858,0.7940286704569821,0.7971963546235407,0.7980860450612376,0.004913225160842684,69,0.7975668310514128,0.7951094626167177,0.8084664147151426,0.7941682200554441,0.7974771872640843,0.7985576231405603,0.005128154279220175,71,0.7972552738169272,0.7945544009453298,0.8076700154559505,0.7940494590417311,0.7972372488408037,0.7981532796201485,0.004939778513975532,71
0.8369411945343017,0.00979618294510182,0.06712751388549805,0.006043360911586747,16,30,100,"{'model__max_depth': 16, 'model__min_samples_leaf': 30, 'model__min_samples_split': 100}",0.801893171061528,0.8001545445764513,0.8068006182380216,0.7962712519319938,0.8011012364760433,0.8012441644568076,0.0033832808652709185,21,0.8018889988383406,0.8001582839207659,0.8068006182380216,0.7962712519319939,0.8011012364760433,0.801244077881033,0.0033828808400706806,20,0.8015215185873052,0.7998557789638829,0.8065919848669438,0.7959861283745366,0.800900135474384,0.8009711092534106,0.0034057664744499773,19,0.8015223481687209,0.7998550320498515,0.8065919848669437,0.7959861283745366,0.800900135474384,0.8009711257868875,0.003405842244366278,19,0.8041620970393326,0.8019658314884446,0.8081301646882129,0.7979368014369619,0.8023226816891147,0.8029035152684134,0.003310189028837161,23,0.8018889988383406,0.8001582839207659,0.8068006182380216,0.7962712519319939,0.8011012364760433,0.801244077881033,0.0033828808400706806,20
0.8285411834716797,0.01210128174622139,0.06353797912597656,0.003418895052955906,16,30,200,"{'model__max_depth': 16, 'model__min_samples_leaf': 30, 'model__min_samples_split': 200}",0.8034386168260408,0.7966772916062977,0.8079598145285936,0.7959814528593508,0.8008114374034003,0.8009737226447367,0.004433725226317281,31,0.8034339034948004,0.796680751027237,0.8079598145285936,0.795981452859351,0.8008114374034003,0.8009734718626765,0.0044325313022818315,31,0.8029679588074181,0.7964172684910052,0.8076309824798338,0.795679437038283,0.8005254076619209,0.8006442108956924,0.0043987479419109144,32,0.8029688889616052,0.7964165657258288,0.8076309824798338,0.795679437038283,0.8005254076619208,0.8006442563734943,0.004398981305134225,32,0.8063553295774304,0.7982083982366552,0.8100799946121046,0.7977418778779608,0.8025467434551954,0.8029864687518693,0.004737011336515964,20,0.8034339034948004,0.796680751027237,0.8079598145285936,0.795981452859351,0.8008114374034003,0.8009734718626765,0.0044325313022818315,31
0.8632289886474609,0.023443133756273306,0.06369242668151856,0.002880493570888105,16,30,300,"{'model__max_depth': 16, 'model__min_samples_leaf': 30, 'model__min_samples_split': 300}",0.8026658939437844,0.7987056891722206,0.8073802163833076,0.794822256568779,0.8027434312210201,0.8012634974578223,0.00423327621771264,19,0.8026620949157177,0.798708896710244,0.8073802163833076,0.794822256568779,0.8027434312210201,0.8012633791598137,0.004232637435602359,19,0.8023589457656923,0.7984844997934004,0.8070565383306204,0.7945765778795009,0.8024365442761995,0.8009826212090827,0.004199491219600305,18,0.8023596980896581,0.7984838549264067,0.8070565383306204,0.7945765778795008,0.8024365442761994,0.8009826427004771,0.004199617275253269,18,0.8045493902838352,0.8000300245594149,0.8094567700817701,0.7962394214083646,0.8046362690140574,0.8029823750694884,0.004500944128676318,21,0.8026620949157177,0.798708896710244,0.8073802163833076,0.794822256568779,0.8027434312210201,0.8012633791598137,0.004232637435602359,19
0.8289638042449952,0.032602520003263184,0.06587414741516114,0.0044934273267067055,16,30,500,"{'model__max_depth': 16, 'model__min_samples_leaf': 30, 'model__min_samples_split': 500}",0.7976431952091181,0.7945523036800928,0.8076700154559505,0.7938562596599691,0.8006182380216383,0.7988680024053537,0.005015610271073155,59,0.7976415792834732,0.7945544009453298,0.8076700154559505,0.7938562596599691,0.8006182380216382,0.7988680986732721,0.005015328403699375,59,0.797586020156553,0.7944560830410146,0.8075457957853858,0.7938321268157493,0.8005496278063876,0.798793930721018,0.0049914543528208925,58,0.7975863487488092,0.79445565348459,0.8075457957853858,0.7938321268157493,0.8005496278063875,0.7987939105281843,0.004991513116330349,58,0.7979763170135302,0.7951094626167177,0.8084664147151426,0.7939939127130371,0.8010324543756115,0.7993157122868078,0.005186340232186854,62,0.7976415792834732,0.7945544009453298,0.8076700154559505,0.7938562596599691,0.8006182380216382,0.7988680986732721,0.005015328403699375,59
0.8507455825805664,0.014824148075534487,0.06576943397521973,0.006488457751104001,16,50,100,"{'model__max_depth': 16, 'model__min_samples_leaf': 50, 'model__min_samples_split': 100}",0.8004443156572975,0.8002511349367333,0.8070904173106646,0.794822256568779,0.8013910355486863,0.800799832004432,0.003900765400785611,39,0.8004403766630372,0.8002555180310964,0.8070904173106646,0.794822256568779,0.8013910355486862,0.8007999208244527,0.0039007147811453754,39,0.8001106296413425,0.7998403734287987,0.8067858564919814,0.7946032897255348,0.8011890037386762,0.8005058306052666,0.003881866987945999,39,0.8001114184971722,0.799839497604688,0.8067858564919815,0.794603289725535,0.8011890037386762,0.8005058132116106,0.0038818809894710714,39,0.8024552208711468,0.8027459611445364,0.8090389528531888,0.7960848427760941,0.8026211303798101,0.8025892216049553,0.004097548505475421,36,0.8004403766630372,0.8002555180310964,0.8070904173106646,0.794822256568779,0.8013910355486862,0.8007999208244527,0.0039007147811453754,39
0.8402560234069825,0.02372999175560609,0.06320457458496094,0.003489792208481888,16,50,200,"{'model__max_depth': 16, 'model__min_samples_leaf': 50, 'model__min_samples_split': 200}",0.8008306770984256,0.797353424128272,0.8096020092735703,0.794822256568779,0.8001352395672334,0.8005487213272561,0.005004294389453128,48,0.8008275404617797,0.797357863173787,0.8096020092735703,0.794822256568779,0.8001352395672334,0.8005489818090299,0.0050036927156033905,48,0.8006194205267829,0.7969259506055144,0.8093327772491952,0.7945738218655581,0.8000754640101797,0.8003054868514461,0.005018300220858201,48,0.8006200474008827,0.796925050661256,0.8093327772491952,0.7945738218655582,0.8000754640101797,0.8003054322374143,0.005018429298167807,48,0.8021041362789381,0.7998882538882498,0.8113606388671324,0.79625537706681,0.800494619834459,0.8020206051871179,0.0050469122287713315,51,0.8008275404617797,0.797357863173787,0.8096020092735703,0.794822256568779,0.8001352395672334,0.8005489818090299,0.0050036927156033905,48
0.819235372543335,0.023344346342172504,0.06446752548217774,0.0019480895918127308,16,50,300,"{'model__max_depth': 16, 'model__min_samples_leaf': 50, 'model__min_samples_split': 300}",0.8000579542161692,0.7982227373708104,0.8079598145285936,0.7932766615146831,0.803806027820711,0.8006646390901935,0.0049799813460091975,44,0.8000543137686336,0.7982262341249595,0.8079598145285936,0.7932766615146831,0.803806027820711,0.8006646103515163,0.004979727628254125,44,0.7997723628268433,0.7979590738014173,0.8076461937552937,0.7930150928052048,0.8036773767011964,0.8004140199779911,0.004982698918973168,42,0.7997730932396037,0.7979583688186113,0.8076461937552938,0.7930150928052047,0.8036773767011964,0.8004140250639817,0.004982749595486527,42,0.8017716183308435,0.7997953511383707,0.8099814354027006,0.7947666587433643,0.8046044626515176,0.8021839052533594,0.005050768092169856,48,0.8000543137686336,0.7982262341249595,0.8079598145285936,0.7932766615146831,0.803806027820711,0.8006646103515163,0.004979727628254125,44
0.8364312171936035,0.011490587079458865,0.06940116882324218,0.00868522868246126,16,50,500,"{'model__max_depth': 16, 'model__min_samples_leaf': 50, 'model__min_samples_split': 500}",0.797353424128272,0.7947454844006568,0.8069938176197836,0.7929868624420402,0.7978168469860897,0.7979792871153685,0.00483862864055058,75,0.7973517242326436,0.7947479735150031,0.8069938176197836,0.7929868624420402,0.7978168469860896,0.797979444959112,0.00483834008231325,74,0.7972900889883372,0.7946098998044632,0.8069001470611301,0.7929639088568585,0.7977590511348019,0.7979046191691181,0.004828750429110448,76,0.797290435081998,0.7946093900879362,0.8069001470611301,0.7929639088568585,0.7977590511348019,0.797904586444545,0.004828811184613308,76,0.7977217744331078,0.7955312658909424,0.8075906526319316,0.7931168510362281,0.7981576736418741,0.7984236435268167,0.004921896200943983,73,0.7973517242326436,0.7947479735150031,0.8069938176197836,0.7929868624420402,0.7978168469860896,0.797979444959112,0.00483834008231325,74
0.886341142654419,0.006880030483286585,0.06366634368896484,0.003929090867058554,18,10,100,"{'model__max_depth': 18, 'model__min_samples_leaf': 10, 'model__min_samples_split': 100}",0.7977397855694002,0.7954216169226311,0.8056414219474498,0.7952086553323029,0.7969474497681608,0.7981917859079889,0.003842464263839867,68,0.7977364249911704,0.7954230144686446,0.8056414219474497,0.7952086553323029,0.7969474497681608,0.7981913933015456,0.0038423421414055152,68,0.7974935670021924,0.7953792341060495,0.8054437137753971,0.7949901008559952,0.7967580676568478,0.7980129366792964,0.003824521278170435,71,0.797494249048085,0.795378949657616,0.8054437137753971,0.7949901008559953,0.7967580676568478,0.7980130161987883,0.003824541943490871,71,0.7991874692869533,0.7956696251059151,0.8068888642697818,0.7964728963052896,0.7980583804651135,0.7992554470866107,0.004007676521321327,63,0.7977364249911704,0.7954230144686446,0.8056414219474497,0.7952086553323029,0.7969474497681608,0.7981913933015456,0.0038423421414055152,68
0.8619361877441406,0.004990997107752981,0.06377153396606446,0.0033457219533514367,18,10,200,"{'model__max_depth': 18, 'model__min_samples_leaf': 10, 'model__min_samples_split': 200}",0.8033420264657587,0.7977397855694002,0.8073802163833076,0.7977202472952086,0.7992658423493045,0.8010896236125958,0.003756199297162235,25,0.8033374344196883,0.7977415003467663,0.8073802163833076,0.7977202472952087,0.7992658423493044,0.8010890481588551,0.003755343218491985,25,0.8028950765259082,0.7976765711828304,0.8071148091179405,0.7975169705067389,0.7990690136557317,0.8008544881978299,0.0036818940500919876,24,0.8028959831180783,0.797676225749024,0.8071148091179404,0.797516970506739,0.7990690136557318,0.8008546004295027,0.0036820541913858075,24,0.8061082950874149,0.7981161125575806,0.8090813826401316,0.7989206169890244,0.8004430787678933,0.802533897208409,0.004303255107291525,40,0.8033374344196883,0.7977415003467663,0.8073802163833076,0.7977202472952087,0.7992658423493044,0.8010890481588551,0.003755343218491985,25
0.8460037231445312,0.013449784562689235,0.06585140228271484,0.00549290809473731,18,10,300,"{'model__max_depth': 18, 'model__min_samples_leaf': 10, 'model__min_samples_split': 300}",0.8008306770984256,0.7996715927750411,0.8067040185471407,0.7962712519319938,0.803226429675425,0.8013407940056052,0.003494753444964297,15,0.8008272045926594,0.799674147243231,0.8067040185471407,0.7962712519319939,0.803226429675425,0.80134061039809,0.0034946113244652636,15,0.8005718130275095,0.7995322008908965,0.8064164338645938,0.7960776107386529,0.8030599280195923,0.8011315973082489,0.003465895680658869,14,0.8005725070330615,0.7995316902979144,0.8064164338645938,0.7960776107386529,0.8030599280195923,0.801131633990763,0.0034659204080891705,14,0.802393058196682,0.8005130354566667,0.808537451972315,0.7974008789692766,0.8042553522188358,0.8026199553627553,0.003726141200132902,34,0.8008272045926594,0.799674147243231,0.8067040185471407,0.7962712519319939,0.803226429675425,0.80134061039809,0.0034946113244652636,15
0.8516531944274902,0.0102018986291588,0.06633353233337402,0.00539103155671075,18,10,500,"{'model__max_depth': 18, 'model__min_samples_leaf': 10, 'model__min_samples_split': 500}",0.7978363759296823,0.7922341350333236,0.8072836166924265,0.7935664605873262,0.7968508500772797,0.7975542876640077,0.0052809285240112,79,0.7978351331937511,0.7922345902501224,0.8072836166924267,0.793566460587326,0.7968508500772797,0.7975541301601812,0.00528082355770404,79,0.7978025029857002,0.7922296688805116,0.807177368383534,0.7935525418812205,0.7968142169165939,0.7975152598095121,0.005245396395394768,79,0.7978027557688642,0.7922295758356613,0.807177368383534,0.7935525418812205,0.7968142169165939,0.7975152917571748,0.005245417916735834,79,0.7980333538349853,0.7922602430413006,0.8079623852032815,0.7936456510516394,0.7970650861891055,0.7977933438640624,0.005510279959622641,80,0.7978351331937511,0.7922345902501224,0.8072836166924267,0.793566460587326,0.7968508500772797,0.7975541301601812,0.00528082355770404,79
0.8631261825561524,0.014531908320636276,0.06762075424194336,0.006652413085240999,18,20,100,"{'model__max_depth': 18, 'model__min_samples_leaf': 20, 'model__min_samples_split': 100}",0.8014102192601178,0.7976431952091181,0.8060278207109737,0.7966576506955177,0.7969474497681608,0.7997372671287776,0.0035783261084072577,54,0.8014063175936605,0.7976461694947842,0.8060278207109737,0.7966576506955179,0.7969474497681608,0.7997370816526195,0.00357761376476819,54,0.8010844092361237,0.7974521001067532,0.805864779152911,0.7964100669226406,0.7967203600068413,0.799506343085054,0.00359133802380371,53,0.8010851868256798,0.7974514991787582,0.805864779152911,0.7964100669226406,0.7967203600068413,0.7995063784173662,0.0035914751299529722,53,0.8033892966495261,0.7987772483761764,0.8070593374564285,0.7981077546669427,0.7982803212146707,0.8011227916727488,0.003551092239269614,54,0.8014063175936605,0.7976461694947842,0.8060278207109737,0.7966576506955179,0.7969474497681608,0.7997370816526195,0.00357761376476819,54
0.8567097663879395,0.01178076947232244,0.06292877197265626,0.0050970489929925205,18,20,200,"{'model__max_depth': 18, 'model__min_samples_leaf': 20, 'model__min_samples_split': 200}",0.8030522553849125,0.7987056891722206,0.8082496136012365,0.7980100463678517,0.8006182380216383,0.8017271685095718,0.003700654170023336,7,0.803047691325232,0.7987085795005193,0.8082496136012365,0.7980100463678517,0.8006182380216382,0.8017268337632955,0.003699856034207051,7,0.8026100900608184,0.7985262145378568,0.807928917121306,0.7977613732548641,0.8004701712798823,0.8014593532509455,0.003645169176095534,6,0.8026109924390308,0.7985256337137973,0.807928917121306,0.7977613732548642,0.8004701712798823,0.8014594175617761,0.003645319651758059,6,0.8057819801990787,0.7997802239535179,0.8103221634923461,0.7994830266331627,0.8015132236165972,0.8033761235789406,0.004137456000257251,13,0.803047691325232,0.7987085795005193,0.8082496136012365,0.7980100463678517,0.8006182380216382,0.8017268337632955,0.003699856034207051,7
0.8482419967651367,0.017941102323134197,0.06933484077453614,0.005470220219772545,18,20,300,"{'model__max_depth': 18, 'model__min_samples_leaf': 20, 'model__min_samples_split': 300}",0.801699990340964,0.8012170385395537,0.8071870170015456,0.7967542503863988,0.80370942812983,0.8021135448796584,0.0034054001573838684,3,0.8016964338760282,0.8012209738174347,0.8071870170015456,0.7967542503863987,0.80370942812983,0.8021136206422474,0.0034052801601923317,3,0.8014296513452123,0.8008877855962218,0.8068506509045659,0.7964942754073543,0.8035552623910294,0.8018435251288768,0.003397073891881204,2,0.8014303590389185,0.8008870035227222,0.8068506509045659,0.7964942754073543,0.8035552623910294,0.801843510252918,0.003397100686504466,2,0.8033440322754338,0.8032314379966707,0.8093418700820076,0.7982784321617451,0.8046658096589059,0.8037723164349527,0.0035348832847030233,7,0.8016964338760282,0.8012209738174347,0.8071870170015456,0.7967542503863987,0.80370942812983,0.8021136206422474,0.0034052801601923317,3
0.8396847724914551,0.017877922925746217,0.065150785446167,0.005379953122021437,18,20,500,"{'model__max_depth': 18, 'model__min_samples_leaf': 20, 'model__min_samples_split': 500}",0.7976431952091181,0.7944557133198107,0.8075734157650696,0.794146058732612,0.7970440494590417,0.7981724864971305,0.00489811216514729,69,0.7976418031962201,0.794457484044724,0.8075734157650696,0.794146058732612,0.7970440494590417,0.7981725622395335,0.004897873615175794,69,0.7976007079143992,0.7943871895338754,0.8074556654308682,0.7941248783432128,0.797005314043681,0.7981147510532074,0.004869529163272719,68,0.7976009911630306,0.7943868269741616,0.8074556654308681,0.7941248783432127,0.797005314043681,0.798114735190991,0.004869578694168148,68,0.7978902660145167,0.794852621287954,0.8083276458685058,0.794267155305848,0.7972709502506246,0.7985217277454898,0.0050927978034775575,72,0.7976418031962201,0.794457484044724,0.8075734157650696,0.794146058732612,0.7970440494590417,0.7981725622395335,0.004897873615175794,69
0.8689271450042725,0.01774529704440225,0.0644153118133545,0.002891491481269429,18,30,100,"{'model__max_depth': 18, 'model__min_samples_leaf': 30, 'model__min_samples_split': 100}",0.8021829421423742,0.7993818216941949,0.8062210200927357,0.7971406491499228,0.8010046367851623,0.801186213972878,0.003033088729847051,22,0.8021790218237306,0.7993854490749268,0.8062210200927358,0.7971406491499227,0.8010046367851623,0.8011861553852956,0.003032400346446188,22,0.8018552890675715,0.7990996511250881,0.805996711509716,0.7968156798418072,0.8008119168819194,0.8009158496852204,0.0030600155298622974,21,0.8018560673409083,0.7990989238813533,0.805996711509716,0.7968156798418073,0.8008119168819194,0.8009158598911409,0.003060149678311729,21,0.804186258317827,0.8010813196513296,0.807643823813878,0.7990538543433067,0.8021740834551516,0.8028278679162986,0.002924369986955316,27,0.8021790218237306,0.7993854490749268,0.8062210200927358,0.7971406491499227,0.8010046367851623,0.8011861553852956,0.003032400346446188,22
0.8573462963104248,0.016332732743991732,0.06473097801208497,0.005002109623184199,18,30,200,"{'model__max_depth': 18, 'model__min_samples_leaf': 30, 'model__min_samples_split': 200}",0.804018158987733,0.7966772916062977,0.8071870170015456,0.7967542503863988,0.8008114374034003,0.801089631077075,0.004101122965578444,24,0.8040136322558553,0.796680489795699,0.8071870170015456,0.7967542503863988,0.8008114374034003,0.8010893653685798,0.004099788822481716,24,0.8035853323040894,0.7964551756041707,0.8068284549333096,0.7964029652024055,0.8005254076619209,0.8007594671411791,0.004059037949019682,28,0.8035862228939735,0.7964545261421762,0.8068284549333096,0.7964029652024055,0.8005254076619208,0.8007595153667572,0.004059299715040065,28,0.8067115938808549,0.7979849840581561,0.8094848612706199,0.7988165560378013,0.8025467434551954,0.8031089477405257,0.00444132945325993,19,0.8040136322558553,0.796680489795699,0.8071870170015456,0.7967542503863988,0.8008114374034003,0.8010893653685798,0.004099788822481716,24
0.8539856910705567,0.011723171107538307,0.06858611106872559,0.003858721067531596,18,30,300,"{'model__max_depth': 18, 'model__min_samples_leaf': 30, 'model__min_samples_split': 300}",0.8029556650246306,0.7987056891722206,0.8066074188562596,0.7954984544049459,0.8043856259659969,0.8016305706848108,0.004006819293802585,9,0.8029520432635253,0.7987086354787061,0.8066074188562598,0.7954984544049459,0.8043856259659969,0.8016304355938868,0.004006150082749048,9,0.8026770886455437,0.7985191704593411,0.806254212687207,0.795209279267654,0.8041655870821482,0.8013650676283788,0.003986499938679544,8,0.8026778047801942,0.7985185783364431,0.806254212687207,0.7952092792676541,0.8041655870821484,0.8013650924307294,0.003986631637736929,8,0.8046681168329629,0.7998223894477696,0.8088596720391319,0.7971769716987702,0.8057598288030396,0.8032573957643349,0.004204964440224597,14,0.8029520432635253,0.7987086354787061,0.8066074188562598,0.7954984544049459,0.8043856259659969,0.8016304355938868,0.004006150082749048,9
0.856740140914917,0.0349990328629658,0.06241321563720703,0.0016909797543695456,18,30,500,"{'model__max_depth': 18, 'model__min_samples_leaf': 30, 'model__min_samples_split': 500}",0.7981261470105283,0.7944557133198107,0.8073802163833076,0.794725656877898,0.7982032457496137,0.7985781958682316,0.0046831062328992045,64,0.7981246896942515,0.794457484044724,0.8073802163833075,0.794725656877898,0.7982032457496135,0.798578258549959,0.004682822720836165,63,0.7980797118625278,0.7943871895338754,0.8072604977864063,0.7946853752175168,0.7981556287129059,0.7985136806226464,0.004658480257159474,62,0.7980800076278016,0.7943868269741616,0.8072604977864063,0.7946853752175168,0.7981556287129059,0.7985136672637585,0.0046585389821882,62,0.7983974284747378,0.794852621287954,0.808145825621907,0.7949571330929968,0.7984849076401714,0.7989675832235534,0.004854169499727813,68,0.7981246896942515,0.794457484044724,0.8073802163833075,0.794725656877898,0.7982032457496135,0.798578258549959,0.004682822720836165,63
0.8442575454711914,0.005298138659153298,0.0641064167022705,0.004544543471488501,18,50,100,"{'model__max_depth': 18, 'model__min_samples_leaf': 50, 'model__min_samples_split': 100}",0.8007340867381435,0.7983193277310925,0.8064142194744977,0.7955950540958269,0.803226429675425,0.8008578235429973,0.003758719058300901,37,0.8007303250108448,0.7983230390691918,0.8064142194744977,0.795595054095827,0.803226429675425,0.8008578134651572,0.003758243238963545,37,0.8004301906255322,0.79802233081372,0.8061041059061818,0.7953335963697536,0.8030665051416002,0.8005913457713575,0.003762623441586057,36,0.8004309428436326,0.7980215827106535,0.8061041059061818,0.7953335963697536,0.8030665051416002,0.8005913465943643,0.003762719183506828,36,0.8025687165034502,0.8000925627481732,0.8083871345828897,0.7971132820361133,0.8042146085423838,0.802475260882602,0.0038055849072859338,41,0.8007303250108448,0.7983230390691918,0.8064142194744977,0.795595054095827,0.803226429675425,0.8008578134651572,0.003758243238963545,37
0.9031903266906738,0.08972618132552766,0.07214174270629883,0.012273149565057413,18,50,200,"{'model__max_depth': 18, 'model__min_samples_leaf': 50, 'model__min_samples_split': 200}",0.8012170385395537,0.7961943398048875,0.8089258114374034,0.7955950540958269,0.8001352395672334,0.800413496688981,0.004779148098641633,50,0.8012140698410728,0.7961979578261834,0.8089258114374034,0.7955950540958269,0.8001352395672334,0.800413626553544,0.0047784098530121374,50,0.8010281347765424,0.795909163782559,0.8086514337319494,0.7953015337597598,0.8000754640101797,0.800193146012198,0.004786106154534049,49,0.8010287269513482,0.7959084268936125,0.8086514337319495,0.7953015337597598,0.8000754640101797,0.80019311706937,0.004786258748934416,49,0.8023587070247251,0.7978670979309612,0.8107079272863569,0.7973002681351632,0.800494619834459,0.8017457240423331,0.004838758427474146,52,0.8012140698410728,0.7961979578261834,0.8089258114374034,0.7955950540958269,0.8001352395672334,0.800413626553544,0.0047784098530121374,50
0.815386962890625,0.008813561825830207,0.06298422813415527,0.004150486993854195,18,50,300,"{'model__max_depth': 18, 'model__min_samples_leaf': 50, 'model__min_samples_split': 300}",0.8004443156572975,0.7981261470105283,0.8072836166924265,0.79395285935085,0.803516228748068,0.800664633491834,0.004549349399610248,45,0.8004408431479266,0.7981293172243538,0.8072836166924265,0.79395285935085,0.803516228748068,0.800664573032725,0.004549029718755058,45,0.8001849494252349,0.7979094699519438,0.8069643503134591,0.7936463035648069,0.8033576214185416,0.8004125389347972,0.0045540934460661965,43,0.8001856447770636,0.7979088307865791,0.8069643503134591,0.7936463035648069,0.8033576214185415,0.8004125501720901,0.0045541567761631764,43,0.8020046856789763,0.7994172196341862,0.809330050817745,0.795710068142285,0.8044986358124873,0.8021921320171359,0.00460482945400682,47,0.8004408431479266,0.7981293172243538,0.8072836166924265,0.79395285935085,0.803516228748068,0.800664573032725,0.004549029718755058,45
0.7897258281707764,0.004491054101946024,0.060742521286010744,0.001487623331495402,18,50,500,"{'model__max_depth': 18, 'model__min_samples_leaf': 50, 'model__min_samples_split': 500}",0.7977397855694002,0.7946488940403748,0.8068006182380216,0.7937596599690881,0.8004250386398764,0.7986747992913522,0.0046975106096426595,62,0.7977382536119365,0.7946510566143974,0.8068006182380216,0.7937596599690881,0.8004250386398764,0.798674925414664,0.004697201054859897,62,0.7976883982162162,0.7945466107143642,0.8067164682946298,0.7937213912529679,0.8003490190257749,0.7986043775007906,0.004690369604570868,61,0.7976887096547203,0.794546167929403,0.80671646829463,0.7937213912529679,0.8003490190257752,0.7986043512314993,0.004690434059248619,61,0.7980392274792136,0.7952415363375833,0.8073358380396286,0.7939778145047858,0.8008832989933672,0.7990955430709157,0.004759387536565646,66,0.7977382536119365,0.7946510566143974,0.8068006182380216,0.7937596599690881,0.8004250386398764,0.798674925414664,0.004697201054859897,62
0.8683032512664794,0.015577715077281043,0.061845922470092775,0.0019771122016421475,20,10,100,"{'model__max_depth': 20, 'model__min_samples_leaf': 10, 'model__min_samples_split': 100}",0.7976431952091181,0.7952284362020671,0.8051584234930448,0.795112055641422,0.7959814528593508,0.7978247126810005,0.0037765865383131295,77,0.7976401798288053,0.7952302069341897,0.8051584234930449,0.795112055641422,0.7959814528593508,0.7978244637513625,0.003776372370228437,77,0.7974448138050678,0.7951601700243497,0.8049685513883275,0.7948868739032486,0.7957789238521145,0.7976478665946216,0.0037666515136515985,78,0.797445426093352,0.7951598088276423,0.8049685513883276,0.7948868739032486,0.7957789238521146,0.797647916812937,0.003766692635752313,78,0.7988071670756608,0.7956263811067179,0.8063514123748855,0.7964137169690155,0.7971602453840589,0.7988717845820676,0.003884665078888931,69,0.7976401798288053,0.7952302069341897,0.8051584234930449,0.795112055641422,0.7959814528593508,0.7978244637513625,0.003776372370228437,77
0.853016471862793,0.017803375079163408,0.06026463508605957,0.000852458985105003,20,10,200,"{'model__max_depth': 20, 'model__min_samples_leaf': 10, 'model__min_samples_split': 200}",0.8033420264657587,0.797353424128272,0.8078632148377125,0.7969474497681608,0.7991692426584235,0.8009350715716655,0.004138600700344653,33,0.8033374344196883,0.7973552695178024,0.8078632148377125,0.7969474497681608,0.7991692426584235,0.8009345222403574,0.004137747624084341,33,0.8028950765259082,0.7972800240420064,0.8075887191546613,0.7967383839584029,0.7989735341280777,0.8006951475618113,0.004065563095976147,31,0.8028959831180783,0.7972796514527359,0.8075887191546613,0.796738383958403,0.7989735341280777,0.8006952543623914,0.004065723824708802,31,0.8061082950874149,0.7977887477236922,0.8096300992995182,0.7981742043852437,0.8003388173868378,0.8024080327765415,0.004677497955253305,42,0.8033374344196883,0.7973552695178024,0.8078632148377125,0.7969474497681608,0.7991692426584235,0.8009345222403574,0.004137747624084341,33
0.8345786094665527,0.009288293265026094,0.061050701141357425,0.0036115240015937643,20,10,300,"{'model__max_depth': 20, 'model__min_samples_leaf': 10, 'model__min_samples_split': 300}",0.8008306770984256,0.7993818216941949,0.8071870170015456,0.7962712519319938,0.802840030911901,0.8013021597276122,0.0036391378153145227,17,0.8008272045926594,0.7993845161051483,0.8071870170015456,0.7962712519319939,0.802840030911901,0.8013020041086497,0.003638943953510531,16,0.8005718130275095,0.7992264546027366,0.8068899815089978,0.7960702506715991,0.802618253449217,0.801075350652012,0.00360315066570578,15,0.8005725070330615,0.7992259151336689,0.8068899815089978,0.7960702506715992,0.8026182534492172,0.8010753815593089,0.0036031866533782417,15,0.802393058196682,0.8003173370788368,0.8090887376089813,0.7974439421838596,0.8042072558862359,0.8026900661909192,0.003911131160503583,30,0.8008272045926594,0.7993845161051483,0.8071870170015456,0.7962712519319939,0.802840030911901,0.8013020041086497,0.003638943953510531,16
0.8108121871948242,0.012632140954251051,0.06004986763000488,0.0023656950057843414,20,10,500,"{'model__max_depth': 20, 'model__min_samples_leaf': 10, 'model__min_samples_split': 500}",0.7979329662899642,0.7919443639524776,0.8074768160741885,0.7935664605873262,0.7992658423493045,0.7980372898506523,0.005435750919138017,72,0.7979317142252365,0.7919449591120397,0.8074768160741885,0.793566460587326,0.7992658423493044,0.798037158469619,0.005435622334629374,72,0.7978986022333272,0.7919366594564092,0.8073775515427652,0.7935512009628057,0.7992104117522751,0.7979948851895164,0.005403140414033522,72,0.797898856781895,0.7919365371628209,0.8073775515427652,0.7935512009628056,0.7992104117522751,0.7979949116405123,0.005403166932309532,72,0.7981329828872605,0.7919888944958442,0.8081119359617016,0.7936532818978268,0.7995966726992378,0.7982967535883743,0.0056463321055555595,76,0.7979317142252365,0.7919449591120397,0.8074768160741885,0.793566460587326,0.7992658423493044,0.798037158469619,0.005435622334629374,72
0.8442888259887695,0.012165286214585638,0.06032991409301758,0.0013762482865897552,20,20,100,"{'model__max_depth': 20, 'model__min_samples_leaf': 20, 'model__min_samples_split': 100}",0.8011204481792717,0.7979329662899642,0.8043856259659969,0.794629057187017,0.7954984544049459,0.7987133104054391,0.003622011498474646,60,0.8011166304773909,0.7979350915758352,0.8043856259659969,0.7946290571870169,0.7954984544049459,0.7987129719222372,0.00362141294571021,60,0.8008080510269682,0.7978357758406647,0.804085759760532,0.7943993745835132,0.7952326085245216,0.7984723139472398,0.0035904358691415546,63,0.8008088129712422,0.7978353476889057,0.8040857597605319,0.7943993745835131,0.7952326085245215,0.7984723807057429,0.0035905502048150825,63,0.8030128814799743,0.7985116582928251,0.8062606755088106,0.7959515223502751,0.7970410268376522,0.8001555528939075,0.003886216247665877,56,0.8011166304773909,0.7979350915758352,0.8043856259659969,0.7946290571870169,0.7954984544049459,0.7987129719222372,0.00362141294571021,60
0.834711742401123,0.012725456471048946,0.06375327110290527,0.003155386469681793,20,20,200,"{'model__max_depth': 20, 'model__min_samples_leaf': 20, 'model__min_samples_split': 200}",0.8029556650246306,0.7989954602530668,0.8069938176197836,0.7961746522411128,0.8006182380216383,0.8011475666320464,0.003663045142847116,23,0.8029511102937467,0.7989975015815703,0.8069938176197836,0.7961746522411128,0.8006182380216382,0.8011470639515703,0.0036623562122346494,23,0.8025150906787204,0.7989062984119831,0.8065425054537341,0.7959387144992527,0.8004701712798823,0.8008745560647144,0.003555758745958976,23,0.8025159916487529,0.7989058894127122,0.8065425054537341,0.7959387144992527,0.8004701712798823,0.8008746544588667,0.0035558871861991856,23,0.8056732706969627,0.7995311683946822,0.8098855143834952,0.7975507772281861,0.8015132236165972,0.8028307908639846,0.004435106569703927,26,0.8029511102937467,0.7989975015815703,0.8069938176197836,0.7961746522411128,0.8006182380216382,0.8011470639515703,0.0036623562122346494,23
0.8798065662384034,0.030732569353017613,0.06354761123657227,0.001929419565020902,20,20,300,"{'model__max_depth': 20, 'model__min_samples_leaf': 20, 'model__min_samples_split': 300}",0.801603399980682,0.8015068096203999,0.8054482225656878,0.7952086553323029,0.803419629057187,0.8014373433112519,0.0034306140411557414,12,0.8015998528445427,0.8015098958984856,0.8054482225656878,0.7952086553323029,0.803419629057187,0.8014372511396411,0.003430592843668641,12,0.8013343454461761,0.8013049346234074,0.8049598683126094,0.7949579222679839,0.8032110782278262,0.8011536297756006,0.0033812095103579573,12,0.8013350516260566,0.8013043228809923,0.8049598683126092,0.794957922267984,0.8032110782278262,0.8011536486630936,0.003381211609827568,12,0.8032382535503237,0.8027439807408288,0.8085383769315376,0.7966597214126427,0.8047113237054861,0.803178331268164,0.003840955111305829,15,0.8015998528445427,0.8015098958984856,0.8054482225656878,0.7952086553323029,0.803419629057187,0.8014372511396411,0.003430592843668641,12
0.8212012767791748,0.007295252344687132,0.06518797874450684,0.00794899411418938,20,20,500,"{'model__max_depth': 20, 'model__min_samples_leaf': 20, 'model__min_samples_split': 500}",0.7976431952091181,0.7944557133198107,0.8079598145285936,0.7928902627511591,0.7970440494590417,0.7979986070535446,0.005270871458527479,73,0.7976418031962201,0.794457484044724,0.8079598145285936,0.7928902627511591,0.7970440494590417,0.7979986827959478,0.005270652278445688,73,0.7976007079143992,0.7943871895338754,0.8078477477288719,0.7928685452797124,0.797005314043681,0.7979419009001081,0.0052439359099112435,73,0.7976009911630306,0.7943868269741616,0.807847747728872,0.7928685452797125,0.797005314043681,0.7979418850378914,0.005243981381585643,73,0.7978902660145167,0.794852621287954,0.8086799262329809,0.7930131509865295,0.7972709502506246,0.7983413829545211,0.005455205287769706,74,0.7976418031962201,0.794457484044724,0.8079598145285936,0.7928902627511591,0.7970440494590417,0.7979986827959478,0.005270652278445688,73
0.8499269485473633,0.007762666827077097,0.06245908737182617,0.004671688158738696,20,30,100,"{'model__max_depth': 20, 'model__min_samples_leaf': 30, 'model__min_samples_split': 100}",0.8021829421423742,0.8006374963778615,0.8047720247295209,0.7966576506955177,0.8010046367851623,0.8010509501460874,0.0026306642105509478,29,0.8021790218237306,0.8006400881738542,0.8047720247295209,0.7966576506955177,0.8010046367851623,0.8010506844415571,0.002630246146746887,29,0.8018552890675715,0.8004946788228839,0.8044330232952352,0.7963490136282676,0.8008119168819194,0.8007887843391754,0.0026159704524033565,27,0.8018560673409083,0.8004941632360428,0.804433023295235,0.7963490136282676,0.8008119168819194,0.8007888368764746,0.002616045536118565,27,0.804186258317827,0.8015065488994296,0.8068999818268712,0.7984669809682211,0.8021740834551516,0.8026467706935001,0.0028090570732189073,31,0.8021790218237306,0.8006400881738542,0.8047720247295209,0.7966576506955177,0.8010046367851623,0.8010506844415571,0.002630246146746887,29
0.8428480148315429,0.018658347910759276,0.06723999977111816,0.007821989985135329,20,30,200,"{'model__max_depth': 20, 'model__min_samples_leaf': 30, 'model__min_samples_split': 200}",0.8038249782671689,0.7979329662899642,0.8057380216383307,0.7962712519319938,0.8008114374034003,0.8009157311061716,0.0035269577526513282,35,0.8038204328740932,0.7979351288946264,0.8057380216383307,0.7962712519319938,0.8008114374034003,0.800915254548489,0.0035258426147762247,35,0.8033881437782913,0.7978323187273988,0.8052370924598757,0.7959369461400108,0.8005254076619209,0.8005839817534994,0.003425924232481624,37,0.8033890389309325,0.7978318830236647,0.8052370924598758,0.7959369461400109,0.8005254076619208,0.8005840736432809,0.0034261407825201266,37,0.8065391391139016,0.7985321898875799,0.8089161444628812,0.7982255208119053,0.8025467434551954,0.8029519475462926,0.004253872259372444,22,0.8038204328740932,0.7979351288946264,0.8057380216383307,0.7962712519319938,0.8008114374034003,0.800915254548489,0.0035258426147762247,35
0.8258628368377685,0.007700243553169236,0.06096358299255371,0.0020240547338400577,20,30,300,"{'model__max_depth': 20, 'model__min_samples_leaf': 30, 'model__min_samples_split': 300}",0.8029556650246306,0.7999613638558872,0.8049652241112828,0.7950154559505409,0.8043856259659969,0.8014566669816677,0.0036567991463010577,11,0.8029520432635253,0.7999632745776334,0.8049652241112828,0.7950154559505409,0.8043856259659969,0.8014563247737959,0.003656346370966623,11,0.8026770886455437,0.7998836657475118,0.8044584531161303,0.7947417806333746,0.8041655870821482,0.8011853150449417,0.0036065016104480253,10,0.8026778047801942,0.7998832848744316,0.8044584531161303,0.7947417806333746,0.8041655870821484,0.8011853820972558,0.0036065883633744954,10,0.8046681168329629,0.800432150576587,0.8081597663236042,0.7965972948457247,0.8057598288030396,0.8031234314763838,0.004111806527836537,17,0.8029520432635253,0.7999632745776334,0.8049652241112828,0.7950154559505409,0.8043856259659969,0.8014563247737959,0.003656346370966623,11
0.800678014755249,0.009461348947735173,0.06500406265258789,0.005190978867727131,20,30,500,"{'model__max_depth': 20, 'model__min_samples_leaf': 30, 'model__min_samples_split': 500}",0.7980295566502463,0.7944557133198107,0.8077666151468316,0.794629057187017,0.8006182380216383,0.7990998360651088,0.004901425140284101,56,0.7980281086627662,0.794457484044724,0.8077666151468316,0.7946290571870169,0.8006182380216382,0.7990999006125954,0.004901152921814268,56,0.797983689347264,0.7943871895338754,0.8076526324831654,0.7945893106315467,0.8005496278063876,0.7990324899604477,0.004879122988481632,55,0.7979839833684369,0.7943868269741616,0.8076526324831655,0.7945893106315467,0.8005496278063875,0.7990324762527397,0.0048791793891805905,55,0.7982972826954996,0.794852621287954,0.8084978631723942,0.7948572743464384,0.8010324543756115,0.7995074991755795,0.005057850060969586,60,0.7980281086627662,0.794457484044724,0.8077666151468316,0.7946290571870169,0.8006182380216382,0.7990999006125954,0.004901152921814268,56
0.8376334190368653,0.010148891428387494,0.0647193431854248,0.004375233626278692,20,50,100,"{'model__max_depth': 20, 'model__min_samples_leaf': 50, 'model__min_samples_split': 100}",0.799768183135323,0.799575002414759,0.8070904173106646,0.7955950540958269,0.803226429675425,0.8010510173263998,0.003867779451126289,27,0.7997643840802217,0.7995776781681191,0.8070904173106646,0.7955950540958269,0.803226429675425,0.8010507926660516,0.003867827787395017,27,0.7994567276418405,0.799421934884194,0.8067003959945686,0.7953045254708537,0.8030665051416002,0.8007900178266114,0.0038433033870040757,26,0.799457491013148,0.7994213996830382,0.8067003959945686,0.7953045254708537,0.8030665051416002,0.8007900634606416,0.0038432885473185484,26,0.8016336103332109,0.8004981644504188,0.8095890531580145,0.7972828132838637,0.8042146085423838,0.8026436499535784,0.004124764100849185,33,0.7997643840802217,0.7995776781681191,0.8070904173106646,0.7955950540958269,0.803226429675425,0.8010507926660516,0.003867827787395017,27
0.8222021102905274,0.00724346694286999,0.061952829360961914,0.0019073044712199405,20,50,200,"{'model__max_depth': 20, 'model__min_samples_leaf': 50, 'model__min_samples_split': 200}",0.8013136288998358,0.797450014488554,0.8096020092735703,0.7956916537867079,0.8001352395672334,0.8008385092031803,0.0048060644502511945,38,0.8013106508725582,0.7974525969251107,0.8096020092735703,0.7956916537867078,0.8001352395672334,0.8008384300850361,0.004805641726597796,38,0.8011236301634383,0.7973059600265089,0.8092526941905943,0.7953659449908725,0.8000754640101797,0.8006247386763189,0.0047678383882766694,35,0.8011242239094896,0.7973054380900523,0.8092526941905944,0.7953659449908727,0.8000754640101797,0.8006247530382378,0.004767923487649172,35,0.8024628838942218,0.7983036860443793,0.8118866382798364,0.7975862840864905,0.800494619834459,0.8021468224278774,0.0051625940827399125,49,0.8013106508725582,0.7974525969251107,0.8096020092735703,0.7956916537867078,0.8001352395672334,0.8008384300850361,0.004805641726597796,38
0.8157105922698975,0.021446154297161995,0.06673312187194824,0.005805674734130983,20,50,300,"{'model__max_depth': 20, 'model__min_samples_leaf': 50, 'model__min_samples_split': 300}",0.8004443156572975,0.7993818216941949,0.8079598145285936,0.7940494590417311,0.803516228748068,0.801070327933977,0.004603976564323836,26,0.8004408431479266,0.799383956323281,0.8079598145285936,0.7940494590417311,0.803516228748068,0.80107006035792,0.0046039147750392756,26,0.8001849494252349,0.7992844756674262,0.8075597487664239,0.7937098897082411,0.8033576214185416,0.8008193369971736,0.0045864698030162925,25,0.8001856447770636,0.7992840487111685,0.8075597487664239,0.7937098897082411,0.8033576214185415,0.8008193906762877,0.004586479157556086,25,0.8020046856789763,0.7999684414487918,0.8105421701258407,0.795998403280969,0.8044986358124873,0.8026024672694131,0.004848575720954305,35,0.8004408431479266,0.799383956323281,0.8079598145285936,0.7940494590417311,0.803516228748068,0.80107006035792,0.0046039147750392756,26
0.7978091716766358,0.013305304108633217,0.06138601303100586,0.0014161499297976148,20,50,500,"{'model__max_depth': 20, 'model__min_samples_leaf': 50, 'model__min_samples_split': 500}",0.7977397855694002,0.7946488940403748,0.8068006182380216,0.7938562596599691,0.8004250386398764,0.7986941192295284,0.004677411526911321,61,0.7977382536119365,0.7946510566143974,0.8068006182380216,0.7938562596599691,0.8004250386398764,0.7986942453528402,0.004677100120883163,61,0.7976883982162162,0.7945466107143642,0.8067164682946298,0.7938057635382367,0.8003490190257749,0.7986212519578444,0.004672891025181278,60,0.7976887096547203,0.794546167929403,0.80671646829463,0.7938057635382367,0.8003490190257752,0.7986212256885532,0.00467295581580406,60,0.7980392274792136,0.7952415363375833,0.8073358380396286,0.7941443986810703,0.8008832989933672,0.7991288599061727,0.004723896350493717,65,0.7977382536119365,0.7946510566143974,0.8068006182380216,0.7938562596599691,0.8004250386398764,0.7986942453528402,0.004677100120883163,61
0.8858443260192871,0.016372571884252302,0.06345243453979492,0.004427907641478264,24,10,100,"{'model__max_depth': 24, 'model__min_samples_leaf': 10, 'model__min_samples_split': 100}",0.79725683376799,0.7949386651212209,0.804192426584235,0.7930834621329211,0.7960780525502318,0.7971098880313197,0.0037993405823569153,80,0.7972540609562149,0.7949406690930847,0.8041924265842348,0.7930834621329212,0.7960780525502318,0.7971097342633375,0.0037990903870506244,80,0.7970887188345053,0.794851012583087,0.8039566544494506,0.7929703224881224,0.7958985484729544,0.7969530513656239,0.003753972150230265,80,0.7970892829785774,0.7948506029917872,0.8039566544494506,0.7929703224881225,0.7958985484729544,0.7969530822761783,0.003754022110493183,80,0.7982391259791297,0.795447964350993,0.8056628520752027,0.7937255343812597,0.7971233140302181,0.7980397581633605,0.004106606876041884,78,0.7972540609562149,0.7949406690930847,0.8041924265842348,0.7930834621329212,0.7960780525502318,0.7971097342633375,0.0037990903870506244,80
0.8658036231994629,0.019708777255435437,0.06276779174804688,0.0021689107074857506,24,10,200,"{'model__max_depth': 24, 'model__min_samples_leaf': 10, 'model__min_samples_split': 200}",0.8036317975466049,0.7978363759296823,0.8065108191653787,0.7963678516228748,0.7991692426584235,0.8007032173845928,0.003786081744640874,43,0.8036272334923313,0.7978386598195144,0.8065108191653787,0.7963678516228748,0.7991692426584235,0.8007027613517046,0.003785030314138121,43,0.8031909333465639,0.797724021154226,0.8061263406009439,0.7962250926866059,0.7989735341280777,0.8004479843832835,0.003665904850374754,41,0.8031918330694211,0.7977235606838348,0.8061263406009439,0.7962250926866059,0.7989735341280777,0.8004480722337768,0.003666107942751713,41,0.8063667513639389,0.7985045989036956,0.8089616759138182,0.7972006932201423,0.8003388173868378,0.8022745073576866,0.0045862267632964734,45,0.8036272334923313,0.7978386598195144,0.8065108191653787,0.7963678516228748,0.7991692426584235,0.8007027613517046,0.003785030314138121,43
0.8614847183227539,0.014671540387685847,0.06358804702758789,0.0039033026159114976,24,10,300,"{'model__max_depth': 24, 'model__min_samples_leaf': 10, 'model__min_samples_split': 300}",0.8011204481792717,0.8002511349367333,0.8049652241112828,0.79491885625966,0.8031298299845441,0.8008770986942985,0.0033982133599464804,36,0.8011169850059068,0.8002543611485708,0.8049652241112828,0.79491885625966,0.8031298299845441,0.8008770513019929,0.003398045558349611,36,0.8008633466523457,0.800029073768467,0.8045290585251877,0.794758896220982,0.8029643525466299,0.8006289455427226,0.0033327849080101606,34,0.8008640377854824,0.8000284301129068,0.8045290585251879,0.794758896220982,0.8029643525466298,0.8006289550382377,0.0033328178267994953,34,0.8026758993688232,0.8015979026255866,0.8077116834209888,0.7958411424825016,0.8041515785790002,0.8023956412953801,0.0038734998615281412,43,0.8011169850059068,0.8002543611485708,0.8049652241112828,0.79491885625966,0.8031298299845441,0.8008770513019929,0.003398045558349611,36
0.8302206039428711,0.019766325473934244,0.06796784400939941,0.0048654093571560515,24,10,500,"{'model__max_depth': 24, 'model__min_samples_leaf': 10, 'model__min_samples_split': 500}",0.7981261470105283,0.7932966289964262,0.8071870170015456,0.7932766615146831,0.7968508500772797,0.7977474609200926,0.005096086445686992,78,0.7981249322663941,0.7932979705444274,0.8071870170015456,0.7932766615146831,0.7968508500772797,0.797747486280866,0.005095834113449057,78,0.798093820429502,0.7932571859845681,0.8070934402072151,0.7932643149284253,0.7968142169165939,0.7977045956932609,0.005071296046495266,77,0.798094067197296,0.7932569101593103,0.8070934402072152,0.7932643149284253,0.7968142169165939,0.7977045898817681,0.005071348215315472,77,0.7983145227838313,0.7935235341483053,0.8077842276178548,0.7933467380629807,0.7970650861891055,0.7980068217604155,0.005261092262775261,79,0.7981249322663941,0.7932979705444274,0.8071870170015456,0.7932766615146831,0.7968508500772797,0.797747486280866,0.005095834113449057,78
0.9068554401397705,0.013484727319028318,0.0670393943786621,0.004509611920958203,24,20,100,"{'model__max_depth': 24, 'model__min_samples_leaf': 20, 'model__min_samples_split': 100}",0.8007340867381435,0.7965807012460157,0.8048686244204019,0.7938562596599691,0.7967542503863988,0.7985587844901858,0.003842627128575464,65,0.8007302690326581,0.7965828638380615,0.8048686244204019,0.7938562596599691,0.7967542503863988,0.7985584534674979,0.0038419726716698863,65,0.8004210826948205,0.7964793801337962,0.8046529119262555,0.7936414435300383,0.7965026490168194,0.798339493460346,0.003823557472086817,65,0.8004218461193164,0.7964789415142629,0.8046529119262557,0.7936414435300382,0.7965026490168196,0.7983395584213386,0.003823683289770833,65,0.8026240869637908,0.7971772148964048,0.8062212064497553,0.7950849756104144,0.7982291563509998,0.7998673280542731,0.004019022283556128,58,0.8007302690326581,0.7965828638380615,0.8048686244204019,0.7938562596599691,0.7967542503863988,0.7985584534674979,0.0038419726716698863,65
0.8600903987884522,0.007975428736462292,0.06475028991699219,0.004436251098363759,24,20,200,"{'model__max_depth': 24, 'model__min_samples_leaf': 20, 'model__min_samples_split': 200}",0.8029556650246306,0.7977397855694002,0.8073802163833076,0.7959814528593508,0.7998454404945904,0.8007805120662559,0.004035808053142132,41,0.8029511102937467,0.7977422653819848,0.8073802163833075,0.7959814528593508,0.7998454404945905,0.8007800970825961,0.0040349439626007075,41,0.8025150906787204,0.7976071822436097,0.8069476839787706,0.7957479705703412,0.7996467472640063,0.8004929349470895,0.003932205184427912,40,0.8025159916487529,0.7976066818537011,0.8069476839787704,0.7957479705703412,0.7996467472640063,0.8004930150631143,0.003932371317633766,40,0.8056732706969627,0.7985275724881951,0.8101598606388731,0.7973410254114258,0.8010396219556525,0.8025482702382218,0.004759398386732956,39,0.8029511102937467,0.7977422653819848,0.8073802163833075,0.7959814528593508,0.7998454404945905,0.8007800970825961,0.0040349439626007075,41
0.8311857223510742,0.008748981607499491,0.06356301307678222,0.006104483551151187,24,20,300,"{'model__max_depth': 24, 'model__min_samples_leaf': 20, 'model__min_samples_split': 300}",0.801796580701246,0.8003477252970154,0.8054482225656878,0.7954018547140649,0.803419629057187,0.8012828024670402,0.0033953095981264134,18,0.8017930335669092,0.8003513340273634,0.8054482225656878,0.7954018547140649,0.803419629057187,0.8012828147862423,0.003395004217270729,18,0.8015277881477865,0.8000698048041263,0.8049598683126094,0.7951485791908857,0.8032110782278262,0.8009834237366468,0.003345175601876462,17,0.8015284936400527,0.8000690848028492,0.8049598683126092,0.7951485791908857,0.8032110782278262,0.8009834208348445,0.003345237921475434,17,0.8034324837010267,0.8020351059434221,0.8085383769315376,0.7968700391020043,0.8047113237054861,0.8031174658766954,0.003800729929969708,18,0.8017930335669092,0.8003513340273634,0.8054482225656878,0.7954018547140649,0.803419629057187,0.8012828147862423,0.003395004217270729,18
0.8087587833404541,0.01013928419597911,0.06010842323303223,0.0019167571179102639,24,20,500,"{'model__max_depth': 24, 'model__min_samples_leaf': 20, 'model__min_samples_split': 500}",0.7976431952091181,0.7939727615184005,0.8079598145285936,0.7932766615146831,0.7970440494590417,0.7979792964459673,0.005268120909552889,74,0.7976418031962201,0.793974448271528,0.8079598145285936,0.7932766615146831,0.7970440494590417,0.7979793553940133,0.005267882193019844,75,0.7976007079143992,0.7939104643190324,0.8078477477288719,0.7932469963563102,0.797005314043681,0.7979222460724589,0.005242367537848107,74,0.7976009911630306,0.7939101182234802,0.807847747728872,0.7932469963563101,0.797005314043681,0.7979222335030748,0.005242417037546699,74,0.7978902660145167,0.7943323110980851,0.8086799262329809,0.7934450768610227,0.7972709502506246,0.7983237060914459,0.0054457270945498576,75,0.7976418031962201,0.793974448271528,0.8079598145285936,0.7932766615146831,0.7970440494590417,0.7979793553940133,0.005267882193019844,75
0.8558883666992188,0.007791265391030544,0.061867809295654295,0.002639911051306753,24,30,100,"{'model__max_depth': 24, 'model__min_samples_leaf': 30, 'model__min_samples_split': 100}",0.8021829421423742,0.7989954602530668,0.8053516228748068,0.7967542503863988,0.7998454404945904,0.8006259432302473,0.0029330516003547935,47,0.802179003164335,0.7989986211453047,0.8053516228748068,0.7967542503863987,0.7998454404945905,0.8006257876130871,0.0029322827389734038,47,0.8018521633617954,0.7987809885583186,0.8050678118757966,0.7964533785646533,0.7996189935240857,0.8003546671769299,0.002922121172387782,46,0.8018529453447282,0.7987803540266775,0.8050678118757966,0.7964533785646533,0.7996189935240857,0.8003546966671882,0.0029222696956658126,46,0.8042055071286169,0.8002826482849397,0.8071403435283211,0.798519271814979,0.8012069949192107,0.8022709531352135,0.003053324022946171,46,0.802179003164335,0.7989986211453047,0.8053516228748068,0.7967542503863987,0.7998454404945905,0.8006257876130871,0.0029322827389734038,47
0.8328341007232666,0.01005368117442189,0.06309313774108886,0.004605760322558029,24,30,200,"{'model__max_depth': 24, 'model__min_samples_leaf': 30, 'model__min_samples_split': 200}",0.804018158987733,0.7961943398048875,0.8057380216383307,0.7963678516228748,0.8002318392581144,0.8005100422623881,0.003885848149921999,49,0.8040136322558553,0.7961972487691515,0.8057380216383307,0.7963678516228748,0.8002318392581144,0.8005097187088653,0.003884385114664425,49,0.8035853323040894,0.7960102640179065,0.8052370924598757,0.7960416443364426,0.7999872562500899,0.8001723178736808,0.0037873477021597634,50,0.8035862228939735,0.796009672134347,0.8052370924598758,0.7960416443364428,0.7999872562500899,0.8001723776149458,0.0037876383223761022,50,0.8067115938808549,0.7972737116429305,0.8089161444628812,0.798276080990008,0.8017075962534338,0.8025770254460216,0.004575112100941904,37,0.8040136322558553,0.7961972487691515,0.8057380216383307,0.7963678516228748,0.8002318392581144,0.8005097187088653,0.003884385114664425,49
0.8431144237518311,0.019542254728258015,0.05989990234375,0.0014471924371494878,24,30,300,"{'model__max_depth': 24, 'model__min_samples_leaf': 30, 'model__min_samples_split': 300}",0.8029556650246306,0.7992852313339128,0.8049652241112828,0.7953052550231839,0.8027434312210201,0.8010509613428061,0.0034042546027156203,28,0.8029520432635253,0.7992877484797072,0.8049652241112828,0.7953052550231839,0.8027434312210201,0.8010507404197439,0.003403588701548367,28,0.8026770886455437,0.7991496359968095,0.8044584531161303,0.7950334125929046,0.8024365442761995,0.8007510269255175,0.003333204404493977,29,0.8026778047801942,0.7991491319249245,0.8044584531161303,0.7950334125929045,0.8024365442761994,0.8007510693380706,0.0033333356218657674,29,0.8046681168329629,0.8001011618154223,0.8081597663236042,0.7968802365070429,0.8046362690140574,0.8028891100986181,0.003946554541569956,24,0.8029520432635253,0.7992877484797072,0.8049652241112828,0.7953052550231839,0.8027434312210201,0.8010507404197439,0.003403588701548367,28
0.8026875495910645,0.014866599604631601,0.06241459846496582,0.0027701415781506106,24,30,500,"{'model__max_depth': 24, 'model__min_samples_leaf': 30, 'model__min_samples_split': 500}",0.7980295566502463,0.7944557133198107,0.8077666151468316,0.794629057187017,0.8006182380216383,0.7990998360651088,0.004901425140284101,56,0.7980281086627662,0.794457484044724,0.8077666151468316,0.7946290571870169,0.8006182380216382,0.7990999006125954,0.004901152921814268,56,0.797983689347264,0.7943871895338754,0.8076526324831654,0.794584770694264,0.8005496278063876,0.7990315819729912,0.004879950116209218,56,0.7979839833684369,0.7943868269741616,0.8076526324831655,0.794584770694264,0.8005496278063875,0.7990315682652831,0.004880006504798149,56,0.7982972826954996,0.794852621287954,0.8084978631723942,0.7948833586771484,0.8010324543756115,0.7995127160417216,0.005053062131133127,59,0.7980281086627662,0.794457484044724,0.8077666151468316,0.7946290571870169,0.8006182380216382,0.7990999006125954,0.004901152921814268,56
0.8388476848602295,0.011102743272706083,0.06315617561340332,0.0036829572604969974,24,50,100,"{'model__max_depth': 24, 'model__min_samples_leaf': 50, 'model__min_samples_split': 100}",0.8007340867381435,0.7987056891722206,0.8069938176197836,0.7952086553323029,0.803226429675425,0.8009737357075751,0.0039938361205968205,30,0.8007303250108448,0.7987087101162884,0.8069938176197836,0.7952086553323029,0.803226429675425,0.800973587550929,0.003993538723051289,30,0.8004301906255322,0.7985095668408786,0.8066348962709181,0.7948513927443285,0.8030665051416002,0.8006985103246516,0.003997507488181538,30,0.8004309428436326,0.7985089596509983,0.806634896270918,0.7948513927443285,0.8030665051416002,0.8006985393302954,0.003997563909668885,30,0.8025687165034502,0.7998798868553659,0.809290216703783,0.7972794826951621,0.8042146085423838,0.802646582260029,0.004075855967077717,32,0.8007303250108448,0.7987087101162884,0.8069938176197836,0.7952086553323029,0.803226429675425,0.800973587550929,0.003993538723051289,30
0.8132129669189453,0.013391958635000329,0.06145796775817871,0.002817341425221523,24,50,200,"{'model__max_depth': 24, 'model__min_samples_leaf': 50, 'model__min_samples_split': 200}",0.8013136288998358,0.7967738819665797,0.8096020092735703,0.7953052550231839,0.8001352395672334,0.8006260029460807,0.004988618290411686,46,0.8013106508725582,0.7967770708271844,0.8096020092735703,0.7953052550231838,0.8001352395672334,0.800626045112746,0.004988044065049412,46,0.8011236301634383,0.7965531692995149,0.8092526941905943,0.7949090492814399,0.8000754640101797,0.8003828013890335,0.004978881921175938,44,0.8011242239094896,0.796552522048292,0.8092526941905944,0.7949090492814399,0.8000754640101797,0.8003827906879991,0.00497899917438006,44,0.8024628838942218,0.7980743476365588,0.8118866382798364,0.7976049722631523,0.800494619834459,0.8021046923816456,0.005194194070903393,50,0.8013106508725582,0.7967770708271844,0.8096020092735703,0.7953052550231838,0.8001352395672334,0.800626045112746,0.004988044065049412,46
0.8151474475860596,0.023083153275255418,0.06320719718933106,0.002124481999068277,24,50,300,"{'model__max_depth': 24, 'model__min_samples_leaf': 50, 'model__min_samples_split': 300}",0.8004443156572975,0.7987056891722206,0.8079598145285936,0.7936630602782071,0.803806027820711,0.8009157814914059,0.004810003708137653,34,0.8004408431479266,0.7987084302253548,0.8079598145285936,0.7936630602782071,0.803806027820711,0.8009156352001586,0.004809820291950111,34,0.8001849494252349,0.7985443342201161,0.8075597487664239,0.7932512679234853,0.8036773767011964,0.8006435354072913,0.00482287809310913,33,0.8001856447770636,0.7985437835206209,0.8075597487664239,0.7932512679234854,0.8036773767011964,0.8006435643377581,0.004822912825014004,33,0.8020046856789763,0.7996717897147924,0.8105421701258407,0.7960214665530267,0.8046044626515176,0.8025689149448307,0.004884608937346147,38,0.8004408431479266,0.7987084302253548,0.8079598145285936,0.7936630602782071,0.803806027820711,0.8009156352001586,0.004809820291950111,34
0.7915692806243897,0.010143114077983005,0.061808109283447266,0.001939806379942681,24,50,500,"{'model__max_depth': 24, 'model__min_samples_leaf': 50, 'model__min_samples_split': 500}",0.7977397855694002,0.7946488940403748,0.8068006182380216,0.7937596599690881,0.7978168469860897,0.798153160960595,0.004618338256969347,71,0.7977382536119365,0.7946510566143974,0.8068006182380216,0.7937596599690881,0.7978168469860896,0.7981532870839066,0.004618037641614231,70,0.7976883982162162,0.7945466107143642,0.8067164682946298,0.7937097621111646,0.7977590511348019,0.7980840580942353,0.004613646745113791,70,0.7976887096547203,0.794546167929403,0.80671646829463,0.7937097621111646,0.7977590511348019,0.798084031824944,0.004613709309062711,70,0.7980392274792136,0.7952415363375833,0.8073358380396286,0.7940441557097491,0.7981576736418741,0.7985636862416097,0.004665905841427308,70,0.7977382536119365,0.7946510566143974,0.8068006182380216,0.7937596599690881,0.7978168469860896,0.7981532870839066,0.004618037641614231,70
